Time,HR,BR,Posture,Activity,PeakAccel,ECGAmplitude,ECGNoise,HRConfidence,ROGState,ROGTime,VerticalMin,VerticalPeak,LateralMin,LateralPeak,SagittalMin,SagittalPeak,Label
1358759280432,97.46666666666668,13.995,27.35,0.12199999999999987,0.2299999999999999,0.004809666666666665,0.00042833333333333357,92.88333333333334,1.0,90.5,-0.8780000000000003,-0.6731666666666666,-0.05766666666666667,0.12599999999999986,-0.4861666666666666,-0.26933333333333365,sitting
1358759340432,92.25,14.836666666666668,14.15,0.10866666666666666,0.2075,0.004907666666666667,0.0001579999999999999,100.0,1.0,150.5,-0.8840000000000006,-0.7419999999999999,-0.051833333333333335,0.08649999999999998,-0.2493333333333332,-0.10300000000000004,sitting
1358759400432,91.83333333333331,13.843333333333339,-1.1666666666666667,0.113,0.1991666666666667,0.005037333333333333,0.0001956666666666668,100.0,1.0,210.5,-1.0661666666666667,-0.9066666666666671,-0.0485,0.15933333333333338,-0.06949999999999998,0.1328333333333333,sitting
1358759460432,98.53333333333332,18.54333333333333,-11.166666666666664,0.05033333333333333,0.111,0.0051176666666666705,0.00020833333333333356,100.0,1.0,270.5,-1.0291666666666672,-0.9376666666666672,-0.10483333333333332,0.03616666666666666,0.1288333333333334,0.23116666666666674,sitting
1358759520432,100.93333333333334,17.256666666666664,35.666666666666664,0.17416666666666664,0.2758333333333333,0.004829666666666668,0.00022300000000000005,100.0,1.0,330.5,-0.7823333333333335,-0.5854999999999999,-0.06583333333333331,0.12483333333333332,-0.6403333333333332,-0.3970000000000002,sitting
1358759580432,100.13333333333334,8.100000000000003,2.3666666666666667,0.18783333333333335,0.3186666666666666,0.005028666666666665,0.0004980000000000001,91.2,1.0,390.5,-1.091666666666667,-0.7846666666666666,-0.047000000000000014,0.22983333333333336,-0.16083333333333333,0.1393333333333334,sitting
1358759640432,91.8,9.913333333333332,32.36666666666667,0.06916666666666665,0.13516666666666666,0.005173,0.00022300000000000005,99.83333333333331,1.0,450.5,-0.879666666666667,-0.7321666666666669,-0.03,0.08783333333333332,-0.5863333333333335,-0.433,sitting
1358759880432,80.91666666666667,17.558333333333334,-73.3,0.010500000000000006,0.03883333333333335,0.0055160000000000035,0.00011266666666666674,100.0,1.0,690.5,-0.3170000000000001,-0.2328333333333335,-0.054000000000000034,0.016500000000000008,0.9651666666666666,1.0119999999999998,lying
1358759940432,79.8,15.841666666666667,-74.13333333333334,0.010666666666666672,0.043,0.005484666666666667,0.0001216666666666668,100.0,1.0,750.5,-0.314,-0.23000000000000026,-0.06483333333333334,0.012166666666666676,0.957333333333333,1.0149999999999997,lying
1358760000432,79.96666666666667,15.22833333333333,-74.2,0.012000000000000007,0.04566666666666668,0.005521666666666665,0.00015366666666666656,100.0,1.0,810.5,-0.3138333333333333,-0.23066666666666685,-0.07766666666666665,0.003666666666666667,0.9585000000000002,1.0119999999999998,lying
1358760060432,82.63333333333334,15.82666666666666,-73.23333333333333,0.013166666666666677,0.04366666666666666,0.0054899999999999975,0.00013433333333333345,100.0,1.5,649.0,-0.31733333333333336,-0.2356666666666668,-0.07616666666666667,0.005666666666666669,0.9620000000000001,1.008333333333333,lying
1358760120432,78.35,19.0,-73.0,0.011500000000000008,0.04133333333333334,0.005447333333333333,0.00011233333333333345,100.0,3.0,44.5,-0.32166666666666666,-0.23883333333333345,-0.07933333333333334,0.004166666666666668,0.9603333333333332,1.0074999999999996,lying
1358760240432,94.9,16.518333333333338,-25.78333333333333,0.1803333333333333,0.31233333333333324,0.005124333333333333,0.0002226666666666667,100.0,1.6333333333333333,59.26666666666666,-0.9048333333333332,-0.5708333333333335,-0.0626666666666667,0.193,0.17466666666666647,0.5006666666666669,lying
1358760300432,102.75,12.405000000000005,7.816666666666666,0.16916666666666672,0.2905,0.004950333333333334,0.000379,99.95,1.0,70.5,-1.0455,-0.7968333333333334,-0.096,0.16833333333333328,-0.2293333333333333,0.03500000000000003,sitting
1358760360432,97.8,12.873333333333333,5.083333333333333,0.15649999999999986,0.2748333333333333,0.004943666666666666,0.00035433333333333345,93.08333333333331,1.0,130.5,-1.061833333333334,-0.8333333333333331,-0.08,0.19433333333333336,-0.2013333333333332,0.08199999999999998,sitting
1358760480432,103.1,16.436666666666667,-10.4,0.2551666666666665,0.5286666666666667,0.005119666666666666,0.0002636666666666667,100.0,1.0,250.5,-1.472333333333333,-0.6488333333333335,-0.10016666666666664,0.2901666666666667,-0.08516666666666665,0.3848333333333334,sitting
1358760600432,99.01666666666668,26.223333333333343,32.833333333333336,0.09149999999999997,0.18100000000000002,0.004991666666666667,0.0002933333333333335,100.0,1.0,370.5,-0.877,-0.7040000000000002,-0.09883333333333334,0.03266666666666666,-0.5864999999999998,-0.3596666666666667,sitting
1358760660432,103.76666666666668,26.77166666666665,1.6166666666666667,0.19816666666666655,0.384,0.005164333333333332,0.0003226666666666667,100.0,1.0,430.5,-1.2221666666666662,-0.7231666666666668,-0.11050000000000004,0.17950000000000005,-0.18966666666666665,0.16566666666666666,sitting
1358760780432,98.41666666666669,22.020000000000003,-1.95,0.08583333333333319,0.1589999999999996,0.005298666666666665,0.0001903333333333333,100.0,1.0,550.5,-1.133500000000001,-0.8931666666666663,-0.03950000000000006,0.14200000000000007,-0.06933333333333339,0.13916666666666658,sitting
1358760840432,93.41666666666669,17.381666666666668,-4.383333333333334,0.06666666666666668,0.13350000000000006,0.005271999999999999,0.00017866666666666682,100.0,1.0,610.5,-1.0951666666666673,-0.9115,-0.04366666666666666,0.08649999999999998,-0.010666666666666658,0.16233333333333336,standing
1358760900432,104.71666666666668,26.998333333333346,-10.433333333333334,0.3375,0.6058333333333336,0.0054386666666666654,0.0003233333333333335,100.0,1.0,670.5,-1.588666666666667,-0.4898333333333335,-0.15700000000000008,0.2423333333333335,-0.14516666666666664,0.542,standing
1358760960432,105.16666666666669,27.34333333333333,-9.283333333333333,0.3826666666666669,0.7123333333333332,0.0053436666666666684,0.0003303333333333333,100.0,1.0,730.5,-1.724333333333333,-0.4013333333333334,-0.13900000000000004,0.28616666666666674,-0.2268333333333333,0.5515,standing
1358761020432,108.91666666666669,25.638333333333332,-8.25,0.3616666666666666,0.6268333333333331,0.005475,0.00031600000000000004,100.0,1.0,790.5,-1.6248333333333334,-0.4388333333333335,-0.13766666666666666,0.26883333333333337,-0.2305,0.5278333333333334,standing
1358761080432,115.73333333333332,25.78166666666667,-6.366666666666666,0.353,0.6244999999999999,0.005319666666666667,0.0002810000000000001,100.0,1.0,850.5,-1.6196666666666664,-0.4559999999999999,-0.1405,0.2605000000000001,-0.2756666666666667,0.45,standing
1358761260432,101.98333333333332,23.95666666666667,-2.583333333333333,0.07349999999999997,0.14433333333333329,0.005001666666666668,0.000344,100.0,1.0,1030.5,-1.0411666666666668,-0.9210000000000006,-0.05899999999999999,0.08399999999999999,-0.034666666666666665,0.12016666666666655,standing
1358761320432,101.08333333333331,23.476666666666674,-7.833333333333332,0.0795,0.16449999999999998,0.005076666666666665,0.0003993333333333333,100.0,1.0,1090.5,-1.061166666666667,-0.9305000000000004,-0.04,0.13249999999999998,0.04716666666666666,0.2170000000000001,standing
1358761380432,104.15,23.18000000000001,-10.4,0.18233333333333332,0.3255,0.005303,0.0003573333333333334,100.0,1.0,1150.5,-1.2573333333333336,-0.8161666666666666,-0.11133333333333337,0.2211666666666668,0.002000000000000013,0.3366666666666666,standing
1358761440432,98.53333333333332,20.426666666666673,-12.55,0.029000000000000005,0.06283333333333327,0.005306,0.0002436666666666667,100.0,1.0,1210.5,-1.0143333333333333,-0.9490000000000006,-0.0014999999999999894,0.08766666666666671,0.1915000000000001,0.25266666666666665,standing
1358761500432,93.65,20.13666666666666,-13.383333333333333,0.03966666666666663,0.08450000000000002,0.005425333333333333,0.000238,100.0,1.0,1270.5,-1.0396666666666667,-0.9290000000000008,-0.06766666666666668,0.04816666666666666,0.1920000000000001,0.2779999999999999,standing
1358761560432,95.15,20.29,-13.216666666666667,0.046666666666666586,0.1005,0.0054526666666666656,0.00021733333333333327,100.0,1.0,1330.5,-1.0376666666666667,-0.9318333333333342,-0.05266666666666667,0.092,0.19283333333333336,0.2733333333333333,standing
1358761620432,95.75,16.978333333333328,-13.5,0.050666666666666624,0.10883333333333337,0.005471000000000003,0.00020566666666666666,100.0,1.0,1390.5,-1.0399999999999996,-0.9320000000000008,-0.08050000000000003,0.06383333333333335,0.1858333333333334,0.2959999999999999,standing
1358761680432,96.25,17.888333333333335,-13.166666666666664,0.036666666666666674,0.08449999999999996,0.005366000000000001,0.000225,100.0,1.6666666666666667,963.5,-1.028,-0.940333333333334,-0.09833333333333337,0.024,0.1976666666666667,0.2755000000000001,standing
1358761740432,99.55,19.608333333333334,-12.85,0.050666666666666624,0.1035,0.005442666666666668,0.0002326666666666666,100.0,3.0,49.5,-1.0531666666666666,-0.9253333333333338,-0.06150000000000001,0.08116666666666666,0.16583333333333342,0.2764999999999999,standing
1358761800432,97.98333333333332,23.95833333333335,-13.066666666666665,0.08666666666666667,0.18833333333333327,0.005345666666666669,0.0002466666666666668,100.0,3.0,109.5,-1.1275000000000004,-0.8875,-0.11966666666666667,0.08499999999999998,0.12800000000000006,0.3371666666666667,standing
1358761860432,97.56666666666666,24.046666666666674,-14.233333333333333,0.0913333333333333,0.17566666666666667,0.005199333333333333,0.0004310000000000001,98.75,3.0,169.5,-1.089,-0.8915000000000004,-0.027166666666666648,0.17366666666666658,0.16450000000000012,0.3153333333333332,standing
1358761920432,96.41666666666669,21.205,-14.15,0.05533333333333327,0.11950000000000005,0.005105666666666669,0.0002636666666666667,100.0,3.0,229.5,-1.0484999999999995,-0.9203333333333342,-0.07083333333333333,0.07666666666666665,0.19783333333333344,0.3163333333333335,standing
1358761980432,97.6,20.863333333333326,-13.716666666666667,0.057999999999999975,0.12500000000000006,0.005439666666666666,0.0002563333333333333,100.0,3.0,289.5,-1.0461666666666665,-0.9175000000000002,-0.09616666666666668,0.063,0.18533333333333332,0.30249999999999994,standing
1358762040432,95.55,17.993333333333332,-21.98333333333333,0.03883333333333335,0.08333333333333329,0.005656333333333333,0.0002683333333333335,100.0,3.0,349.5,-0.9731666666666664,-0.8979999999999994,-0.16383333333333333,-0.07216666666666666,0.3198333333333334,0.4201666666666666,standing
1358762100432,97.31666666666666,15.951666666666672,-13.516666666666667,0.034,0.08016666666666668,0.005271333333333335,0.000246,100.0,3.0,409.5,-1.0186666666666666,-0.9385000000000002,-0.04866666666666667,0.06400000000000003,0.20183333333333348,0.27599999999999986,standing
1358762160432,98.75,21.433333333333326,-13.75,0.052833333333333315,0.10583333333333332,0.0052660000000000024,0.0002323333333333333,100.0,3.0,469.5,-1.0433333333333334,-0.9313333333333336,-0.06733333333333331,0.0855,0.2015000000000001,0.2895,standing
1358762280432,101.21666666666668,24.85000000000001,-13.516666666666667,0.11499999999999998,0.22283333333333333,0.0051063333333333325,0.0004203333333333333,99.86666666666666,2.066666666666667,313.23333333333335,-1.1698333333333333,-0.8373333333333332,-0.019333333333333327,0.20800000000000007,0.1188333333333334,0.3140000000000001,standing
1358762340432,104.7,18.433333333333344,-11.35,0.21883333333333327,0.4016666666666669,0.004995,0.0004930000000000001,98.31666666666666,1.0,57.5,-1.3784999999999996,-0.6990000000000002,-0.1021666666666667,0.23766666666666675,-0.04099999999999997,0.4096666666666667,standing
1358762400432,98.71666666666668,16.621666666666666,-11.9,0.06416666666666668,0.1355,0.005372333333333335,0.00024066666666666675,100.0,1.0,117.5,-1.0751666666666668,-0.9246666666666672,-0.01933333333333333,0.14466666666666664,0.1441666666666666,0.2775000000000001,standing
1358762460432,101.08333333333331,20.315,-12.15,0.1071666666666666,0.20733333333333345,0.00518866666666667,0.00032666666666666684,100.0,1.0,177.5,-1.131,-0.8758333333333334,-0.06266666666666668,0.1768333333333333,0.10883333333333337,0.3176666666666668,standing
1358762520432,97.38333333333334,16.416666666666664,-16.8,0.07583333333333334,0.14800000000000002,0.0054020000000000006,0.00033933333333333336,100.0,1.0,237.5,-1.0155,-0.903,-0.034000000000000016,0.10866666666666663,0.20233333333333345,0.3516666666666667,standing
1358762580432,92.5,19.108333333333334,-16.65,0.027166666666666683,0.06449999999999995,0.005623333333333333,0.0003070000000000001,100.0,1.0,297.5,-0.9996666666666664,-0.9201666666666668,-0.19000000000000006,-0.11100000000000003,0.21050000000000013,0.2856666666666666,standing
1358762640432,95.53333333333332,17.175,-16.533333333333335,0.056499999999999974,0.11183333333333333,0.005495333333333335,0.0004463333333333335,99.78333333333332,1.0,357.5,-1.0041666666666669,-0.8985000000000002,-0.21416666666666667,-0.09550000000000007,0.16116666666666676,0.2801666666666666,lift
1358762760432,93.75,17.165000000000006,-12.766666666666667,0.037999999999999985,0.08133333333333333,0.005237666666666666,0.00019199999999999995,100.0,1.0,477.5,-1.0226666666666673,-0.9413333333333338,-0.09133333333333334,0.008499999999999999,0.1741666666666668,0.2481666666666667,lift
1358762820432,96.0,17.810000000000006,-9.666666666666666,0.08833333333333328,0.1608333333333333,0.005239999999999997,0.0002246666666666666,100.0,1.0,537.5,-1.0551666666666668,-0.9188333333333332,-0.017666666666666664,0.11599999999999995,0.0926666666666667,0.2261666666666667,lift
1358762940432,94.11666666666666,20.106666666666673,-13.166666666666664,0.03750000000000001,0.08183333333333333,0.005502333333333336,0.00030433333333333354,100.0,1.0,657.5,-1.0170000000000001,-0.9353333333333336,-0.09783333333333337,0.015,0.18850000000000008,0.2733333333333334,lift
1358763060432,93.91666666666669,21.431666666666672,-12.583333333333336,0.02766666666666668,0.06599999999999999,0.005138,0.00023333333333333336,100.0,3.0,55.5,-1.0148333333333333,-0.9510000000000006,-0.009833333333333331,0.08666666666666664,0.1916666666666668,0.2660000000000001,lift
1358763120432,89.86666666666666,16.156666666666666,-13.733333333333333,0.02000000000000001,0.06083333333333332,0.005521666666666665,0.00021366666666666656,100.0,3.0,115.5,-1.014833333333333,-0.941333333333334,-0.08200000000000003,0.012833333333333335,0.22033333333333344,0.2853333333333333,lift
1358763180432,95.56666666666666,16.233333333333327,-16.416666666666668,0.044499999999999984,0.09300000000000001,0.005330333333333337,0.00021600000000000002,100.0,3.0,175.5,-1.0024999999999995,-0.9245000000000004,-0.014166666666666659,0.0935,0.23983333333333345,0.3586666666666666,lift
1358763240432,95.46666666666668,15.401666666666667,-13.633333333333333,0.0388333333333333,0.09283333333333332,0.005424999999999999,0.0002056666666666666,100.0,3.0,235.5,-1.0295000000000003,-0.9313333333333342,-0.0026666666666666635,0.0875,0.20283333333333348,0.3058333333333334,standing
1358763300432,97.43333333333334,15.836666666666668,-14.483333333333333,0.04733333333333333,0.10449999999999994,0.005489333333333335,0.00020333333333333333,100.0,3.0,295.5,-1.0244999999999995,-0.9243333333333336,-0.1121666666666667,0.006833333333333333,0.1996666666666667,0.3155,standing
1358763360432,94.95,18.505000000000006,-13.2,0.036166666666666666,0.07866666666666665,0.005333333333333332,0.0002403333333333333,100.0,3.0,355.5,-1.0259999999999998,-0.9381666666666671,-0.02483333333333333,0.09166666666666663,0.20350000000000013,0.2783333333333333,standing
1358763420432,95.51666666666668,20.048333333333325,-15.116666666666667,0.03466666666666665,0.08149999999999996,0.005355666666666669,0.00024199999999999995,100.0,3.0,415.5,-1.0106666666666657,-0.9280000000000004,-0.09433333333333337,0.016833333333333318,0.2250000000000001,0.3073333333333333,standing
1358763480432,99.5,23.56,-12.883333333333333,0.14350000000000002,0.2743333333333334,0.0052716666666666676,0.0004640000000000001,98.08333333333331,2.8,425.5,-1.2305000000000004,-0.8086666666666668,-0.12833333333333338,0.13183333333333336,0.05400000000000007,0.36783333333333335,standing
1358763540432,111.1,31.061666666666657,-10.066666666666666,0.284,0.5466666666666667,0.004725333333333331,0.0007266666666666668,92.2,1.0,35.5,-1.5511666666666666,-0.6161666666666669,-0.13649999999999998,0.2425000000000001,-0.18166666666666675,0.4841666666666666,standing
1358763660432,105.8,25.736666666666675,-8.3,0.2323333333333333,0.4568333333333336,0.005268333333333336,0.0005149999999999999,99.2,1.0,155.5,-1.4048333333333334,-0.73,-0.17016666666666666,0.21450000000000005,-0.0785,0.3895,standing
1358763720432,119.55,17.950000000000006,-10.05,0.2105,0.39533333333333337,0.0046346666666666645,0.0006246666666666665,96.05,1.0,215.5,-1.351833333333334,-0.7258333333333334,-0.09016666666666666,0.2343333333333333,-0.04833333333333332,0.3700000000000001,standing
1358763780432,99.75,19.495,-12.75,0.05699999999999991,0.13966666666666655,0.005087333333333333,0.00028700000000000004,99.93333333333334,1.0,275.5,-1.071833333333333,-0.9161666666666672,0.07016666666666667,0.21050000000000008,0.07083333333333333,0.2353333333333333,standing
1358763900432,104.73333333333332,32.58000000000001,-7.916666666666668,0.15866666666666662,0.3160000000000001,0.0053206666666666645,0.0003583333333333335,100.0,2.0,96.16666666666669,-1.2944999999999998,-0.7858333333333332,-0.09800000000000006,0.15299999999999986,-0.056833333333333326,0.3113333333333333,standing
1358763960432,101.46666666666668,25.181666666666665,-10.816666666666665,0.25816666666666666,0.5113333333333333,0.0055306666666666655,0.0004406666666666667,98.95,1.0,45.5,-1.4883333333333333,-0.631666666666667,-0.1395,0.2036666666666668,-0.09933333333333333,0.439,standing
1358764020432,101.45,23.246666666666666,-12.333333333333336,0.11399999999999995,0.2304999999999999,0.005254666666666665,0.000285,99.86666666666666,1.0,105.5,-1.162833333333334,-0.8770000000000002,-0.06966666666666667,0.19000000000000006,0.10033333333333336,0.32349999999999995,standing
1358764080432,96.21666666666668,20.54,-13.8,0.06999999999999998,0.13399999999999995,0.005238666666666666,0.0002596666666666666,100.0,1.0,165.5,-1.0469999999999997,-0.9201666666666668,-0.05850000000000001,0.11499999999999995,0.17650000000000002,0.31516666666666665,standing
1358764140432,98.7,27.276666666666664,-12.583333333333336,0.12983333333333327,0.2496666666666667,0.005228,0.00034733333333333345,100.0,1.0,225.5,-1.1664999999999996,-0.8743333333333336,-0.08783333333333336,0.1926666666666667,0.0895,0.35150000000000003,standing
1358764260432,97.9,22.045000000000005,-13.25,0.16800000000000004,0.30349999999999994,0.004919333333333335,0.0007416666666666668,91.8,1.0,345.5,-1.2031666666666665,-0.8069999999999999,-0.08933333333333336,0.20883333333333345,0.07333333333333332,0.40266666666666656,standing
1358764380432,97.95,21.950000000000006,-5.183333333333334,0.16233333333333336,0.3358333333333334,0.005179000000000003,0.0004116666666666667,97.36666666666666,1.0,465.5,-1.2513333333333327,-0.8376666666666666,-0.04516666666666667,0.2796666666666667,-0.07883333333333332,0.28216666666666673,standing
1358764440432,96.13333333333334,18.848333333333333,-0.6166666666666667,0.060999999999999874,0.12066666666666677,0.005207000000000002,0.0002693333333333333,100.0,1.0,525.5,-1.0701666666666674,-0.9373333333333336,-0.06633333333333334,0.09383333333333314,-0.06516666666666666,0.08516666666666667,standing
1358764560432,108.63333333333334,32.42666666666666,-10.316666666666666,0.28300000000000003,0.5541666666666667,0.004749333333333331,0.0008653333333333336,76.13333333333334,1.0,645.5,-1.515833333333334,-0.6020000000000001,-0.1445,0.24916666666666676,-0.08299999999999998,0.4520000000000001,standing
1358764620432,103.1,23.405,-10.833333333333336,0.11933333333333328,0.2408333333333333,0.004877,0.0004823333333333334,98.85,1.0,705.5,-1.1458333333333337,-0.8731666666666665,-0.11249999999999996,0.15666666666666665,0.07200000000000002,0.31233333333333324,standing
1358764680432,100.2,28.53333333333334,-10.133333333333333,0.2279999999999999,0.431,0.005162666666666667,0.0005033333333333333,98.31666666666666,1.0,765.5,-1.3663333333333332,-0.7321666666666666,-0.12350000000000005,0.2361666666666669,-0.09183333333333332,0.3985000000000001,standing
1358764740432,111.06666666666666,34.18333333333332,-3.3,0.30066666666666664,0.5750000000000001,0.005072333333333332,0.0006890000000000003,97.66666666666669,1.7333333333333334,40.9,-1.508166666666667,-0.6120000000000002,-0.18999999999999995,0.2505000000000001,-0.23066666666666666,0.3983333333333337,standing
1358764800432,110.3,26.015000000000004,4.016666666666667,0.10799999999999996,0.24366666666666675,0.005134666666666668,0.0003896666666666667,100.0,1.0,65.5,-1.076166666666667,-0.841,0.10400000000000001,0.30250000000000005,-0.16033333333333333,0.13016666666666665,standing
1358764860432,110.11666666666666,26.356666666666694,0.2,0.11883333333333335,0.2701666666666666,0.0049369999999999995,0.00038,100.0,1.4666666666666666,18.766666666666666,-1.0701666666666667,-0.8358333333333335,-0.0365,0.17883333333333332,-0.15383333333333346,0.18166666666666667,standing
1358764920432,113.83333333333331,26.30666666666667,1.85,0.2445,0.5616666666666664,0.004900999999999999,0.0004830000000000001,96.98333333333332,1.0,75.5,-1.3276666666666668,-0.622,-0.20816666666666664,0.16983333333333334,-0.2761666666666666,0.2526666666666667,standing
1358764980432,135.31666666666666,28.06,5.633333333333334,0.2873333333333334,0.6618333333333335,0.0054406666666666674,0.0005826666666666668,99.5,1.0,135.5,-1.6013333333333333,-0.5406666666666669,-0.3439999999999999,0.1175,-0.3763333333333332,0.2330000000000001,standing
1358765040432,143.51666666666668,20.223333333333336,1.6,0.2430000000000001,0.5581666666666667,0.005093666666666667,0.0006436666666666668,100.0,1.2333333333333334,76.36666666666666,-1.4846666666666668,-0.5723333333333332,-0.3121666666666668,0.12950000000000006,-0.2936666666666667,0.2695000000000001,standing
1358765100432,125.48333333333332,12.745,-6.7,0.11799999999999998,0.2778333333333333,0.004919333333333333,0.0003703333333333335,100.0,1.0,51.5,-1.159833333333334,-0.8546666666666669,-0.047666666666666704,0.1661666666666667,-0.0446666666666667,0.2748333333333334,standing
1358765160432,106.38333333333334,24.655000000000005,-7.65,0.10200000000000002,0.2526666666666666,0.0051240000000000036,0.00038100000000000015,99.9,1.0,111.5,-1.166666666666667,-0.8476666666666667,-0.02016666666666665,0.16383333333333333,-0.031999999999999994,0.2596666666666668,standing
1358765220432,142.2,26.961666666666684,-1.45,0.22533333333333336,0.534,0.005306666666666667,0.0005373333333333335,98.58333333333331,1.2833333333333334,87.18333333333334,-1.4296666666666673,-0.6418333333333333,-0.2461666666666667,0.10733333333333332,-0.2345,0.2635000000000001,standing
1358765280432,152.43333333333334,15.501666666666667,5.116666666666666,0.2999999999999999,0.7036666666666669,0.005316333333333334,0.0007433333333333332,100.0,1.65,19.7,-1.6363333333333343,-0.4819999999999999,-0.3071666666666667,0.14449999999999996,-0.39866666666666667,0.2803333333333333,standing
1358765400432,136.68333333333334,26.08833333333333,8.85,0.2903333333333332,0.5908333333333334,0.005129,0.0006396666666666669,100.0,1.0,48.5,-1.302333333333334,-0.561,-0.22066666666666665,0.14383333333333334,-0.4441666666666665,0.1571666666666668,snowboarding
1358765460432,134.23333333333332,25.72166666666666,-7.183333333333334,0.1943333333333333,0.38266666666666665,0.005163333333333333,0.0003550000000000001,100.0,1.0,108.5,-1.2925,-0.7878333333333329,-0.14883333333333335,0.22900000000000004,-0.08666666666666666,0.3220000000000001,snowboarding
1358765520432,115.2,21.480000000000004,-10.233333333333333,0.04499999999999997,0.1116666666666666,0.0055076666666666685,0.00027833333333333345,100.0,1.0,168.5,-1.0685,-0.9305,-0.08383333333333327,0.04649999999999999,0.10966666666666668,0.2366666666666669,snowboarding
1358765580432,109.26666666666668,22.181666666666665,-12.066666666666665,0.13616666666666655,0.3156666666666668,0.005352666666666667,0.00032266666666666674,100.0,1.0,228.5,-1.211166666666667,-0.8256666666666668,-0.10666666666666663,0.15983333333333322,0.062166666666666676,0.3041666666666665,lift
1358765700432,99.95,20.715,-14.583333333333336,0.02150000000000001,0.05866666666666665,0.005893,0.0002436666666666668,100.0,1.0,348.5,-1.0174999999999998,-0.9390000000000004,-0.14116666666666666,-0.07033333333333336,0.18266666666666664,0.26083333333333353,lift
1358765760432,97.7,25.37833333333333,-13.966666666666667,0.03333333333333335,0.09000000000000002,0.005819999999999997,0.0003273333333333333,100.0,1.0,408.5,-1.0226666666666668,-0.9201666666666672,-0.19816666666666666,-0.10833333333333332,0.12916666666666665,0.24666666666666665,lift
1358765820432,99.11666666666666,20.81666666666666,-14.8,0.01800000000000001,0.05050000000000001,0.006041999999999996,0.0002546666666666668,100.0,1.0,468.5,-1.0153333333333334,-0.9391666666666671,-0.16600000000000004,-0.0975,0.1876666666666666,0.24733333333333335,lift
1358765880432,97.76666666666668,15.70833333333333,-8.833333333333334,0.048833333333333305,0.10000000000000002,0.005578999999999998,0.0002516666666666667,100.0,2.2,214.7,-1.0335000000000003,-0.9413333333333336,-0.09783333333333334,0.03283333333333334,0.08149999999999995,0.18283333333333332,lift
1358766000432,99.13333333333334,20.238333333333326,-11.233333333333333,0.042166666666666665,0.09583333333333327,0.005508666666666665,0.00026433333333333343,100.0,3.0,125.5,-1.0248333333333337,-0.9336666666666672,-0.12349999999999997,0.002666666666666669,0.1193333333333333,0.2286666666666667,lift
1358766060432,100.6,23.98833333333333,-10.583333333333334,0.06783333333333331,0.14383333333333334,0.005226666666666667,0.00022400000000000005,100.0,3.0,185.5,-1.0546666666666669,-0.9271666666666668,-0.10683333333333332,0.06933333333333333,0.1035,0.2595000000000001,lift
1358766120432,113.05,28.97833333333332,-7.583333333333332,0.26016666666666666,0.4883333333333335,0.005362666666666666,0.0002976666666666667,100.0,2.4,111.16666666666669,-1.4370000000000005,-0.6823333333333331,-0.24433333333333335,0.1886666666666667,-0.14400000000000004,0.4505000000000001,snowboarding
1358766180432,121.2,37.161666666666655,-5.666666666666668,0.3341666666666666,0.6438333333333334,0.005178666666666665,0.00032566666666666643,100.0,2.6666666666666665,32.833333333333336,-1.657833333333333,-0.5283333333333332,-0.2616666666666666,0.19400000000000006,-0.2468333333333334,0.5163333333333335,snowboarding
1358766300432,111.86666666666666,23.576666666666664,3.883333333333333,0.10983333333333332,0.2471666666666667,0.0050219999999999996,0.00032033333333333355,100.0,1.0,99.5,-1.0655000000000003,-0.8513333333333335,-0.04516666666666667,0.15833333333333327,-0.22883333333333325,0.09199999999999994,snowboarding
1358766360432,113.01666666666668,22.70833333333333,-5.016666666666667,0.1606666666666667,0.3698333333333333,0.0051583333333333325,0.0004736666666666668,99.8,1.0,159.5,-1.289,-0.7083333333333334,-0.16400000000000006,0.13200000000000006,-0.13766666666666666,0.25266666666666665,snowboarding
1358766420432,128.06666666666666,27.52833333333335,-5.5,0.18383333333333332,0.4251666666666668,0.005409666666666664,0.0004373333333333333,100.0,1.0,219.5,-1.3801666666666663,-0.6641666666666668,-0.21416666666666664,0.13116666666666665,-0.132,0.3111666666666667,snowboarding
1358766480432,136.21666666666667,30.78,6.0,0.2793333333333333,0.564,0.005147666666666665,0.00041000000000000015,100.0,1.0,279.5,-1.246,-0.6071666666666667,-0.2029999999999999,0.23766666666666664,-0.3495000000000001,0.21150000000000005,snowboarding
1358766540432,123.85,13.399999999999995,-6.066666666666666,0.18883333333333327,0.3854999999999998,0.0048136666666666675,0.00031233333333333325,100.0,1.0,339.5,-1.149666666666667,-0.7473333333333334,-0.13166666666666668,0.14799999999999994,-0.044666666666666674,0.3148333333333333,snowboarding
1358766600432,91.45,20.356666666666676,-15.266666666666667,0.020333333333333342,0.061333333333333274,0.0054309999999999975,0.0001733333333333334,100.0,1.0,399.5,-1.029333333333333,-0.911166666666667,-0.13683333333333345,-0.04416666666666666,0.22233333333333355,0.28966666666666663,snowboarding
1358766660432,86.21666666666668,22.83,-16.233333333333334,0.011333333333333341,0.034333333333333355,0.005463666666666665,0.00016433333333333342,100.0,1.0,459.5,-0.9949999999999996,-0.9278333333333338,-0.16066666666666676,-0.11050000000000004,0.22800000000000026,0.2828333333333333,lift
1358766720432,86.93333333333334,22.27833333333333,-15.833333333333336,0.010166666666666671,0.03133333333333335,0.005459000000000002,0.0001613333333333334,100.0,1.0,519.5,-1.0036666666666665,-0.9291666666666668,-0.16066666666666676,-0.10883333333333334,0.2168333333333336,0.26483333333333325,lift
1358766840432,107.3,24.18833333333333,33.0,0.21016666666666664,0.4081666666666666,0.005053,0.00037999999999999997,98.2,1.0,639.5,-0.8194999999999996,-0.4535000000000001,-0.13433333333333333,0.1565,-0.644,-0.18383333333333327,lift
1358766900432,123.96666666666668,17.573333333333338,-9.7,0.1136666666666666,0.2520000000000001,0.005003333333333331,0.0002843333333333333,100.0,1.0,699.5,-1.1079999999999999,-0.8526666666666671,-0.012999999999999992,0.17950000000000002,0.0355,0.2865,snowboarding
1358767020432,130.86666666666667,11.204999999999993,-3.983333333333333,0.13833333333333322,0.2778333333333332,0.005026666666666668,0.0003936666666666667,98.98333333333332,1.0,819.5,-1.0481666666666665,-0.8335000000000005,-0.1056666666666667,0.0971666666666667,-0.0641666666666666,0.20866666666666664,standing
1358767080432,165.35,15.201666666666664,-1.5333333333333334,0.1595,0.3038333333333334,0.005307333333333333,0.000533,98.76666666666668,1.9833333333333332,408.98333333333335,-1.1015000000000004,-0.8263333333333331,-0.1475,0.0795,-0.09566666666666664,0.17700000000000007,standing
1358767140432,198.7,16.779999999999998,-1.0166666666666666,0.23716666666666664,0.5269999999999998,0.004664666666666666,0.00042699999999999997,100.0,3.0,56.5,-1.1806666666666668,-0.5936666666666669,-0.16166666666666668,0.2113333333333333,-0.2775,0.3198333333333333,standing
1358767200432,171.88333333333333,18.456666666666674,-6.133333333333334,0.09349999999999994,0.21766666666666667,0.00477433333333333,0.0003296666666666668,99.91666666666669,2.65,69.65,-1.1118333333333337,-0.8853333333333333,-0.028499999999999987,0.1398333333333333,-0.048666666666666636,0.2268333333333333,standing
1358767320432,109.48333333333332,21.146666666666665,-5.2,0.108,0.2508333333333333,0.005329666666666668,0.0003446666666666666,100.0,1.0,94.5,-1.149000000000001,-0.8738333333333332,-0.04733333333333333,0.16550000000000006,-0.07183333333333335,0.21083333333333346,snowboarding
1358767440432,146.5,19.201666666666654,9.35,0.2918333333333333,0.5900000000000001,0.004801333333333332,0.0004713333333333334,98.75,1.6833333333333331,24.716666666666665,-1.3281666666666672,-0.5403333333333333,-0.2113333333333334,0.2326666666666667,-0.3933333333333333,0.1591666666666667,snowboarding
1358767500432,139.75,15.281666666666665,-1.55,0.2156666666666667,0.3863333333333331,0.004674666666666668,0.0002866666666666667,99.9,1.0,48.5,-1.1258333333333332,-0.7693333333333335,-0.05500000000000002,0.2795000000000001,-0.12716666666666662,0.21066666666666675,snowboarding
1358767560432,113.16666666666669,12.663333333333327,-17.833333333333332,0.07249999999999994,0.15483333333333332,0.005187,0.0003026666666666669,100.0,1.0,108.5,-1.0360000000000005,-0.8655000000000005,-0.20383333333333328,-0.05716666666666665,0.19366666666666665,0.3461666666666667,snowboarding
1358767680432,95.5,24.675000000000004,-19.666666666666668,0.032500000000000015,0.07233333333333335,0.005570333333333334,0.00023733333333333346,100.0,1.0,228.5,-0.9675,-0.8889999999999992,-0.23333333333333345,-0.14666666666666678,0.23466666666666666,0.3305,lift
1358767740432,98.26666666666668,21.811666666666657,-19.75,0.03766666666666664,0.08733333333333335,0.00549566666666667,0.0002373333333333333,100.0,1.0,288.5,-0.9864999999999996,-0.8833333333333342,-0.21650000000000014,-0.09933333333333333,0.23716666666666694,0.3416666666666669,lift
1358767800432,107.75,28.35166666666668,-6.933333333333334,0.13100000000000006,0.29766666666666663,0.005261333333333331,0.0002780000000000001,100.0,1.0,348.5,-1.171333333333334,-0.7881666666666669,-0.1826666666666668,0.05899999999999999,-0.06500000000000003,0.23966666666666675,lift
1358767860432,124.7,15.240000000000006,10.083333333333334,0.1988333333333333,0.44216666666666665,0.005004333333333335,0.0004089999999999998,100.0,1.0,408.5,-1.0659999999999998,-0.6965,-0.10716666666666662,0.1876666666666667,-0.34383333333333344,0.174,lift
1358767920432,133.75,17.555000000000007,-3.0166666666666666,0.15300000000000002,0.3171666666666667,0.0049670000000000035,0.00037466666666666665,98.86666666666666,1.0,468.5,-1.2325000000000002,-0.7688333333333335,-0.1336666666666667,0.12583333333333332,-0.1278333333333333,0.20566666666666675,snowboarding
1358767980432,147.46666666666667,19.846666666666675,7.133333333333334,0.23649999999999996,0.5391666666666667,0.005614666666666665,0.0005080000000000001,100.0,1.5333333333333334,247.4333333333333,-1.4388333333333332,-0.6046666666666668,-0.21750000000000005,0.17700000000000005,-0.3946666666666666,0.1826666666666668,snowboarding
1358768040432,146.73333333333332,7.558333333333334,-8.183333333333334,0.16866666666666666,0.4169999999999999,0.005180000000000001,0.0006123333333333332,96.26666666666668,1.5,13.166666666666664,-1.340833333333333,-0.7166666666666671,-0.1995,0.10583333333333332,-0.08849999999999998,0.3268333333333333,snowboarding
1358768100432,150.4,22.154999999999994,-5.166666666666667,0.17566666666666675,0.3941666666666666,0.005376999999999997,0.0005436666666666666,100.0,1.9166666666666667,24.91666666666667,-1.318833333333334,-0.6974999999999999,-0.19499999999999995,0.10300000000000001,-0.13350000000000006,0.29033333333333344,snowboarding
1358768160432,137.2,18.90833333333334,-1.2666666666666666,0.2336666666666666,0.4665000000000002,0.004867333333333336,0.00039800000000000013,100.0,1.0333333333333334,27.66666666666667,-1.2290000000000003,-0.6645000000000001,-0.11483333333333337,0.2610000000000001,-0.21266666666666667,0.27266666666666683,snowboarding
1358768280432,102.28333333333332,25.77666666666667,-11.783333333333333,0.02233333333333334,0.061999999999999986,0.005370333333333332,0.00019499999999999992,100.0,1.0,147.5,-1.0201666666666669,-0.9450000000000004,-0.08849999999999998,0.015166666666666669,0.17116666666666666,0.2398333333333336,lift
1358768340432,99.73333333333332,25.008333333333322,-11.766666666666667,0.01750000000000001,0.055833333333333325,0.005209666666666669,0.0001630000000000002,100.0,1.0,207.5,-1.0190000000000003,-0.9541666666666674,-0.04,0.04183333333333335,0.1828333333333334,0.24416666666666675,lift
1358768400432,96.43333333333334,20.564999999999994,-12.8,0.015666666666666676,0.057166666666666685,0.005165666666666664,0.00015166666666666676,100.0,1.0,267.5,-1.0265000000000002,-0.9390000000000004,-0.08650000000000002,0.012166666666666676,0.2008333333333334,0.2695,lift
1358768460432,102.46666666666668,20.98333333333334,-9.466666666666667,0.0838333333333333,0.18433333333333327,0.005102333333333333,0.0002936666666666666,100.0,1.0,327.5,-1.0703333333333338,-0.8866666666666668,-0.12583333333333335,0.04800000000000002,0.05850000000000001,0.2538333333333334,lift
1358768520432,120.08333333333331,22.763333333333332,27.38333333333333,0.2383333333333333,0.4586666666666666,0.004976666666666666,0.0003006666666666668,100.0,1.0,387.5,-0.8258333333333336,-0.4685,-0.11916666666666666,0.16333333333333336,-0.5323333333333333,-0.0765,lift
1358768580432,135.53333333333333,17.878333333333327,4.4,0.2371666666666667,0.5726666666666665,0.005280333333333335,0.0004673333333333335,100.0,1.0833333333333333,408.08333333333326,-1.4656666666666662,-0.5678333333333334,-0.2726666666666667,0.166,-0.4133333333333333,0.18783333333333327,standing
1358768640432,133.06666666666666,15.616666666666665,-6.35,0.08549999999999992,0.2466666666666666,0.0047839999999999975,0.000244,100.0,1.1333333333333333,23.23333333333333,-1.1440000000000003,-0.8768333333333332,-0.037666666666666695,0.14816666666666667,-0.028833333333333325,0.2493333333333334,snowboarding
1358768700432,137.23333333333332,31.823333333333327,6.433333333333334,0.27766666666666656,0.6113333333333333,0.005410666666666666,0.0005369999999999999,100.0,1.1833333333333331,62.98333333333333,-1.455166666666667,-0.5776666666666669,-0.248,0.18250000000000005,-0.4216666666666667,0.1823333333333334,snowboarding
1358768760432,147.16666666666666,20.598333333333343,16.216666666666665,0.28016666666666673,0.5643333333333332,0.005237333333333334,0.0006633333333333335,92.56666666666666,1.75,10.5,-1.1870000000000005,-0.597,-0.19916666666666666,0.19116666666666665,-0.5501666666666669,0.056833333333333326,snowboarding
1358768820432,137.53333333333333,15.81833333333333,-5.833333333333332,0.1751666666666667,0.3256666666666666,0.005013333333333333,0.0002500000000000001,100.0,1.0,34.5,-1.1655,-0.8101666666666667,-0.0961666666666667,0.23083333333333345,-0.04666666666666667,0.2718333333333333,snowboarding
1358768880432,119.98333333333332,8.89666666666667,-14.916666666666664,0.12283333333333328,0.2396666666666665,0.005091666666666667,0.0002763333333333334,100.0,1.0,94.5,-1.0873333333333337,-0.8343333333333335,-0.10033333333333333,0.12766666666666662,0.14150000000000004,0.41533333333333344,standing
1358768940432,99.7,17.908333333333335,-16.7,0.02400000000000001,0.06366666666666669,0.005196666666666665,0.00015900000000000012,100.0,1.0,154.5,-0.9928333333333323,-0.9215000000000002,-0.10466666666666664,-0.001666666666666665,0.2505000000000001,0.3496666666666665,lift
1358769000432,101.83333333333331,22.986666666666665,-17.833333333333332,0.032666666666666684,0.08266666666666665,0.005167000000000001,0.00021266666666666672,100.0,1.0,214.5,-0.9956666666666664,-0.911166666666667,-0.05733333333333334,0.04766666666666666,0.2650000000000001,0.3781666666666668,lift
1358769060432,96.03333333333332,22.57333333333333,-14.733333333333333,0.021833333333333347,0.06283333333333332,0.005040666666666668,0.00015600000000000005,100.0,1.0,274.5,-1.0170000000000001,-0.9261666666666672,-0.06949999999999999,0.028333333333333356,0.2348333333333335,0.3186666666666666,lift
1358769180432,120.01666666666668,23.92,19.433333333333334,0.2398333333333333,0.4918333333333333,0.0050609999999999995,0.0003376666666666667,100.0,1.0,394.5,-1.0288333333333333,-0.5075000000000002,-0.17333333333333334,0.1821666666666667,-0.4548333333333334,0.05233333333333332,snowboarding
1358769240432,134.35,27.361666666666675,-0.5666666666666667,0.2155,0.4885000000000001,0.005239333333333335,0.00037133333333333343,100.0,1.0,454.5,-1.4229999999999996,-0.6388333333333333,-0.2296666666666667,0.15633333333333338,-0.23066666666666666,0.23166666666666666,snowboarding
1358769300432,135.93333333333334,19.899999999999995,-2.2666666666666666,0.15116666666666675,0.3488333333333332,0.005136666666666665,0.0003433333333333336,100.0,1.0,514.5,-1.290833333333333,-0.7515000000000001,-0.20766666666666672,0.0705,-0.12999999999999998,0.2418333333333334,snowboarding
1358769360432,131.46666666666667,18.723333333333333,0.6666666666666666,0.26033333333333336,0.5589999999999999,0.005306000000000001,0.0004693333333333333,99.81666666666666,1.0,574.5,-1.3928333333333334,-0.6215,-0.2401666666666666,0.15066666666666667,-0.2771666666666668,0.2859999999999999,snowboarding
1358769480432,126.56666666666666,30.84500000000001,-8.6,0.26983333333333337,0.5126666666666666,0.005161999999999999,0.00022666666666666666,100.0,1.0,694.5,-1.4808333333333334,-0.6499999999999999,-0.18533333333333335,0.2623333333333335,-0.1473333333333333,0.41700000000000004,sitting
1358769540432,115.75,30.066666666666666,-11.95,0.1926666666666667,0.3445,0.005160333333333335,0.00019633333333333333,100.0,1.3333333333333333,276.73333333333335,-1.2746666666666675,-0.7866666666666671,-0.15350000000000005,0.2456666666666668,0.0195,0.3871666666666668,sitting
1358769600432,110.81666666666666,30.28666666666667,-10.216666666666667,0.10866666666666668,0.2125,0.004791000000000001,0.00019600000000000007,100.0,1.0,57.5,-1.0668333333333335,-0.8855000000000002,-0.115,0.1368333333333333,0.10383333333333326,0.2715,sitting
1358769660432,107.18333333333334,16.679999999999993,-5.95,0.09549999999999996,0.2138333333333333,0.004894999999999999,0.00030400000000000007,97.96666666666668,1.0,117.5,-1.0973333333333342,-0.9026666666666668,-0.04566666666666665,0.15616666666666654,-0.03816666666666667,0.22099999999999992,sitting
1358769720432,102.01666666666668,23.16,-2.6,0.08199999999999999,0.17516666666666672,0.0049476666666666645,0.0004600000000000001,91.25,1.0,177.5,-1.0713333333333332,-0.8973333333333333,-0.060333333333333336,0.11850000000000002,-0.06466666666666668,0.16533333333333333,sitting
1358769780432,109.0,17.02,-9.366666666666667,0.19433333333333336,0.332,0.004921333333333333,0.00021966666666666668,97.65,1.0,237.5,-1.2523333333333335,-0.7903333333333334,-0.11633333333333334,0.2333333333333334,-0.04716666666666668,0.3530000000000001,sitting
1358769840432,105.23333333333332,22.191666666666666,-6.0166666666666675,0.12216666666666667,0.2283333333333333,0.0047423333333333345,0.00018799999999999996,100.0,1.0,297.5,-1.1206666666666665,-0.8993333333333332,0.0048333333333333405,0.218,-0.04800000000000002,0.1686666666666667,sitting
1358769960432,106.23333333333332,23.55166666666666,4.566666666666666,0.17116666666666658,0.3231666666666665,0.0047079999999999995,0.00021733333333333332,100.0,1.0,417.5,-1.1658333333333335,-0.8165000000000002,-0.07749999999999996,0.18016666666666667,-0.21700000000000008,0.11016666666666666,sitting
1358770020432,99.13333333333334,20.774999999999988,8.7,0.05783333333333333,0.11033333333333334,0.004338666666666667,0.00015133333333333334,100.0,1.0,477.5,-1.022,-0.9406666666666672,0.04683333333333331,0.15633333333333338,-0.12233333333333332,-0.019833333333333345,sitting
1358770080432,99.0,22.758333333333322,2.6,0.04233333333333332,0.08549999999999998,0.004225999999999998,0.00014800000000000007,100.0,1.0,537.5,-1.0246666666666673,-0.9573333333333336,0.028833333333333325,0.12433333333333325,-0.052000000000000025,0.04549999999999999,sitting
1358770200432,98.06666666666666,17.39333333333333,16.183333333333334,0.01950000000000001,0.05616666666666666,0.003921,0.00013600000000000016,100.0,1.0,657.5,-0.9873333333333324,-0.9216666666666667,0.2113333333333336,0.2778333333333333,-0.17600000000000002,-0.10200000000000008,sitting
1358770260432,99.41666666666669,18.473333333333336,7.566666666666666,0.05116666666666663,0.1048333333333333,0.0040086666666666665,0.00016200000000000012,100.0,2.2333333333333334,279.05,-1.025166666666667,-0.932333333333334,0.09100000000000004,0.19066666666666685,-0.1095,-0.0025,sitting
1358770320432,98.31666666666666,18.498333333333328,16.533333333333335,0.01450000000000001,0.04766666666666665,0.0038013333333333328,0.00012833333333333346,100.0,3.0,66.5,-0.9856666666666656,-0.9185,0.2210000000000001,0.2918333333333336,-0.1638333333333334,-0.10216666666666666,sitting
1358770380432,100.3,21.343333333333327,19.133333333333333,0.019666666666666683,0.05316666666666667,0.003762,0.0001253333333333335,100.0,3.0,126.5,-0.971,-0.9006666666666661,0.2608333333333335,0.3428333333333333,-0.19200000000000012,-0.11883333333333344,sitting
1358770440432,102.93333333333334,24.965,9.316666666666666,0.09033333333333332,0.1665,0.003905,0.00019999999999999996,100.0,2.7333333333333334,158.63333333333333,-1.0059999999999996,-0.8715000000000004,-0.025000000000000005,0.13600000000000004,-0.18533333333333332,-0.02816666666666664,sitting
1358770500432,104.58333333333331,22.213333333333345,13.716666666666667,0.1134999999999999,0.2196666666666668,0.004104666666666669,0.000254,100.0,1.0,37.5,-1.0075000000000005,-0.8193333333333335,-0.2118333333333334,-0.040500000000000015,-0.2816666666666666,-0.049166666666666685,sitting
1358770560432,102.01666666666668,14.388333333333335,-9.516666666666667,0.07549999999999996,0.16133333333333333,0.004180333333333333,0.00021166666666666672,100.0,1.0,97.5,-1.0481666666666667,-0.9000000000000001,-0.1376666666666667,0.010333333333333344,0.03933333333333333,0.2148333333333334,sitting
1358770620432,103.43333333333334,23.18666666666667,-5.566666666666666,0.07783333333333334,0.14083333333333334,0.004165333333333334,0.00018233333333333334,100.0,1.0,157.5,-1.0256666666666674,-0.938166666666667,0.005000000000000003,0.13499999999999998,0.01966666666666667,0.14483333333333334,sitting
1358770680432,101.83333333333331,18.616666666666678,-2.1333333333333333,0.06549999999999996,0.12700000000000006,0.004007333333333335,0.00018033333333333345,100.0,1.0,217.5,-1.037666666666667,-0.9415000000000004,-0.0069999999999999975,0.09983333333333327,-0.023666666666666676,0.11883333333333335,sitting
1358770740432,104.96666666666668,20.421666666666674,-2.216666666666667,0.09499999999999996,0.18333333333333335,0.004085000000000001,0.000231,100.0,1.0,277.5,-1.0781666666666672,-0.9128333333333336,-0.03866666666666672,0.14300000000000002,-0.05500000000000003,0.15233333333333335,sitting
1358770800432,99.98333333333332,25.886666666666695,4.483333333333333,0.04566666666666663,0.10599999999999994,0.0040983333333333314,0.00016600000000000005,100.0,1.0,337.5,-1.0286666666666655,-0.9301666666666668,0.028499999999999994,0.1398333333333333,-0.12083333333333335,0.008500000000000014,sitting
1358770860432,98.26666666666668,22.36499999999999,3.8666666666666663,0.060833333333333336,0.11883333333333335,0.004025666666666665,0.0002046666666666666,100.0,2.966666666666667,34.65,-1.0210000000000004,-0.9175,0.033000000000000015,0.14800000000000002,-0.09016666666666667,0.04783333333333333,sitting
1358770920432,99.83333333333331,23.79666666666667,7.1,0.04400000000000002,0.08499999999999996,0.003771,0.00013200000000000017,100.0,3.0,88.5,-0.9993333333333329,-0.9280000000000002,0.11333333333333333,0.20599999999999996,-0.06300000000000001,0.01900000000000001,sitting
1358770980432,101.93333333333334,20.120000000000005,-9.433333333333334,0.0763333333333333,0.17050000000000004,0.0039763333333333335,0.00020533333333333336,100.0,2.2666666666666666,90.93333333333334,-1.0446666666666664,-0.8914999999999998,-0.03733333333333333,0.0958333333333333,0.0955,0.267,sitting
1358771100432,91.93333333333334,21.26333333333333,-28.03333333333333,0.014166666666666675,0.051166666666666666,0.004030333333333333,0.0001523333333333334,99.63333333333334,1.0,111.5,-0.9455000000000005,-0.8563333333333335,0.18950000000000006,0.24083333333333334,0.41700000000000004,0.4943333333333333,sitting
1358771160432,90.51666666666668,21.02833333333332,-29.0,0.013500000000000009,0.048000000000000015,0.004072666666666668,0.000116,99.83333333333331,1.0,171.5,-0.9323333333333336,-0.8468333333333338,0.198,0.254,0.4259999999999999,0.4973333333333333,sitting
1358771220432,92.08333333333331,19.338333333333328,-26.066666666666666,0.019666666666666676,0.06750000000000002,0.0039970000000000006,0.00014033333333333332,100.0,1.0,231.5,-0.9603333333333332,-0.8556666666666667,0.18499999999999991,0.25199999999999995,0.36333333333333295,0.4566666666666668,sitting
1358771280432,90.9,21.411666666666672,-17.066666666666666,0.02166666666666668,0.06766666666666664,0.003709666666666667,0.00015266666666666667,100.0,1.7333333333333334,181.5,-1.0151666666666668,-0.9181666666666668,0.12166666666666663,0.2108333333333336,0.22733333333333355,0.2995000000000001,sitting
1358771400432,92.93333333333334,20.989999999999995,-26.016666666666666,0.031000000000000017,0.07949999999999996,0.003879666666666667,0.0001326666666666667,100.0,3.0,111.5,-0.9558333333333328,-0.8480000000000003,0.20600000000000002,0.29866666666666664,0.3373333333333335,0.4354999999999999,sitting
1358771460432,91.96666666666668,16.03833333333333,-30.25,0.027166666666666683,0.073,0.0038486666666666656,0.000157,100.0,3.0,171.5,-0.9268333333333336,-0.8163333333333329,0.2151666666666667,0.3071666666666667,0.4101666666666668,0.4918333333333335,sitting
1358771520432,91.43333333333334,16.453333333333337,-25.3,0.01283333333333334,0.044666666666666674,0.004108666666666668,9.133333333333342e-05,100.0,3.0,231.5,-0.9570000000000006,-0.8776666666666667,-0.12633333333333324,-0.03133333333333335,0.41150000000000025,0.469666666666667,sitting
1358771580432,90.81666666666666,17.423333333333332,-25.816666666666666,0.018333333333333344,0.0716666666666667,0.004040666666666668,0.00012200000000000008,100.0,3.0,291.5,-0.9661666666666671,-0.8553333333333332,-0.14316666666666664,-0.038333333333333344,0.3976666666666668,0.4960000000000002,sitting
1358771640432,92.71666666666668,17.230000000000008,-21.4,0.041333333333333264,0.09533333333333337,0.004210333333333332,0.00014633333333333333,100.0,3.0,351.5,-0.9866666666666656,-0.8915000000000001,-0.016499999999999976,0.10849999999999994,0.30400000000000016,0.4341666666666668,sitting
1358771700432,90.08333333333331,20.603333333333328,-20.933333333333334,0.02133333333333335,0.060333333333333364,0.004279333333333332,9.600000000000004e-05,100.0,3.0,411.5,-0.9861666666666656,-0.9235000000000002,0.061999999999999986,0.16150000000000006,0.30650000000000005,0.40916666666666657,sitting
1358771760432,90.65,18.10166666666668,-20.983333333333334,0.02016666666666668,0.06283333333333334,0.004191333333333332,9.733333333333344e-05,100.0,3.0,471.5,-0.9774999999999991,-0.9110000000000006,-0.13700000000000012,-0.055,0.30016666666666664,0.4044999999999999,sitting
1358771820432,91.2,17.96499999999999,-11.0,0.03816666666666665,0.08816666666666667,0.0041800000000000006,0.00010900000000000009,100.0,2.3,342.15,-0.9774999999999996,-0.8915000000000002,-0.03866666666666668,0.05266666666666665,0.1454999999999999,0.2611666666666667,lying
1358771880432,99.08333333333331,11.548333333333328,1.3333333333333333,0.03766666666666665,0.09033333333333332,0.003970333333333333,0.000198,100.0,1.0,50.5,-0.9886666666666666,-0.9011666666666672,0.1546666666666668,0.23983333333333315,0.004666666666666671,0.11466666666666672,lying
1358771940432,94.06666666666666,15.778333333333334,8.85,0.06283333333333335,0.12633333333333333,0.0044326666666666655,0.00016366666666666686,100.0,1.0,110.5,-1.0004999999999995,-0.8916666666666667,0.0245,0.1501666666666667,-0.2028333333333333,-0.056333333333333326,lying
1358772000432,92.31666666666666,17.19666666666667,10.75,0.035666666666666666,0.1015,0.004164999999999999,0.00012700000000000005,100.0,1.0,170.5,-0.9983333333333329,-0.9016666666666671,0.09583333333333337,0.18750000000000008,-0.18949999999999995,-0.041500000000000016,lying
1358772060432,94.68333333333334,9.094999999999997,0.6166666666666667,0.06883333333333325,0.13616666666666666,0.004379000000000003,0.000244,96.76666666666668,1.0,230.5,-0.9868333333333328,-0.8944999999999996,0.014999999999999998,0.12700000000000006,-0.06200000000000005,0.09316666666666658,lying
1358772120432,93.1,13.71333333333333,12.533333333333333,0.04233333333333331,0.08649999999999998,0.004238333333333334,0.00024233333333333314,98.08333333333331,1.0,290.5,-0.9906666666666658,-0.9225000000000004,0.02150000000000002,0.12700000000000006,-0.2685000000000001,-0.1396666666666667,lying
1358772180432,95.65,21.176666666666666,6.616666666666666,0.052833333333333315,0.12366666666666665,0.0041326666666666656,0.0001836666666666666,98.1,1.0,350.5,-1.0149999999999997,-0.9121666666666662,0.09083333333333336,0.20383333333333328,-0.12983333333333344,0.015166666666666653,lying
1358772240432,93.06666666666666,16.656666666666666,0.0,0.02800000000000001,0.06699999999999998,0.004414,0.00011600000000000005,99.65,1.0,410.5,-0.9864999999999992,-0.9235000000000008,0.06483333333333338,0.15733333333333333,-0.03933333333333328,0.05766666666666665,lying
1358772300432,91.31666666666666,19.751666666666665,-16.666666666666668,0.01083333333333334,0.03666666666666667,0.004128000000000001,8.200000000000008e-05,100.0,1.0,470.5,-0.9943333333333332,-0.9446666666666672,0.10983333333333327,0.1973333333333332,0.2393333333333335,0.2940000000000002,lying
1358772420432,92.11666666666666,16.169999999999998,14.683333333333335,0.02533333333333335,0.06416666666666668,0.00448,0.00011666666666666665,99.66666666666669,1.0,590.5,-0.9833333333333324,-0.9148333333333336,-0.011666666666666664,0.07066666666666664,-0.2960000000000002,-0.1895,lying
1358772480432,97.23333333333332,16.798333333333332,-4.883333333333334,0.08066666666666664,0.30066666666666664,0.004230333333333335,0.0002496666666666666,97.7,1.0,650.5,-1.0941666666666665,-0.7848333333333335,0.051,0.3851666666666668,-0.10966666666666663,0.13399999999999995,lying
1358772540432,93.51666666666668,14.691666666666672,9.0,0.061666666666666675,0.12233333333333332,0.00409,0.0001580000000000001,100.0,1.0,710.5,-1.0019999999999998,-0.9068333333333332,0.02983333333333336,0.1451666666666667,-0.14833333333333334,-0.045666666666666696,lying
1358772600432,94.0,15.968333333333335,-13.633333333333333,0.05316666666666663,0.10733333333333336,0.004017333333333332,0.00015300000000000006,100.0,1.0,770.5,-0.9969999999999992,-0.9160000000000004,-0.2600000000000001,-0.1291666666666667,0.07433333333333332,0.183,lying
1358772660432,94.15,18.098333333333336,-14.95,0.0838333333333333,0.16833333333333336,0.0040313333333333356,0.00015133333333333334,100.0,1.0,830.5,-0.9994999999999998,-0.893166666666667,-0.08616666666666664,0.056333333333333326,0.12300000000000005,0.26683333333333337,standing
1358772720432,93.81666666666666,15.315,-13.2,0.05316666666666663,0.11700000000000005,0.003972000000000001,0.00012300000000000012,100.0,1.0,890.5,-1.0070000000000001,-0.9318333333333336,-0.08533333333333333,0.0565,0.1411666666666666,0.2571666666666667,standing
1358772780432,100.9,16.98833333333333,0.9666666666666668,0.12883333333333336,0.27916666666666673,0.004308333333333332,0.000286,99.96666666666668,1.0,950.5,-1.1286666666666665,-0.8838333333333332,-0.11799999999999995,0.11333333333333333,-0.17066666666666666,0.1386666666666667,standing
1358772840432,108.55,11.551666666666668,32.083333333333336,0.12883333333333333,0.2401666666666667,0.004260333333333335,0.00027033333333333347,99.78333333333332,1.0,1010.5,-0.8990000000000001,-0.6813333333333335,-0.07283333333333336,0.09466666666666662,-0.6480000000000004,-0.3633333333333333,standing
1358772900432,109.46666666666668,22.95500000000002,7.283333333333332,0.1245,0.2581666666666668,0.0041116666666666645,0.000524,93.96666666666668,1.0,1070.5,-1.0105000000000002,-0.7718333333333334,-0.04583333333333333,0.1951666666666667,-0.2709999999999999,0.027333333333333275,standing
1358773020432,102.78333333333332,11.413333333333346,-11.8,0.20133333333333334,0.39133333333333337,0.004693666666666667,0.0005283333333333333,97.55,1.0,1190.5,-1.3199999999999998,-0.7148333333333334,-0.1673333333333333,0.14683333333333334,-0.0035000000000000035,0.3923333333333334,standing
1358773080432,111.83333333333331,20.93333333333334,-4.116666666666666,0.17833333333333326,0.3399999999999999,0.004219333333333333,0.0004563333333333334,97.76666666666668,1.0,1250.5,-1.2490000000000003,-0.7905,-0.0823333333333333,0.2108333333333333,-0.09366666666666666,0.2601666666666665,standing
1358773140432,107.33333333333331,19.654999999999994,-0.6333333333333333,0.0966666666666666,0.2,0.004550333333333334,0.00028266666666666663,100.0,1.0,1310.5,-1.0658333333333334,-0.9023333333333338,0.01500000000000001,0.21000000000000005,-0.08900000000000001,0.1253333333333333,standing
1358773200432,105.73333333333332,24.77500000000001,-6.816666666666666,0.1225,0.22650000000000006,0.004588333333333333,0.0010906666666666669,97.35,1.0,1370.5,-1.1433333333333329,-0.8675,-0.06000000000000001,0.1808333333333333,0.03433333333333332,0.2625,standing
1358773320432,107.3,18.138333333333332,-9.9,0.19716666666666666,0.3650000000000001,0.004541333333333333,0.00042799999999999983,98.51666666666668,1.0,1490.5,-1.3143333333333336,-0.7445000000000002,-0.10583333333333336,0.2528333333333334,-0.02983333333333335,0.3638333333333332,standing
1358773380432,113.68333333333334,13.050000000000004,-7.183333333333334,0.17033333333333334,0.325,0.004542666666666664,0.00033200000000000005,99.18333333333334,1.0,1550.5,-1.1961666666666664,-0.8416666666666667,-0.08383333333333333,0.2530000000000001,-0.052666666666666674,0.2605000000000001,standing
1358773440432,111.31666666666666,20.20833333333333,-3.6166666666666663,0.2428333333333333,0.4478333333333333,0.004861000000000001,0.000512,98.25,1.0,1610.5,-1.325833333333334,-0.7228333333333332,-0.12833333333333335,0.2256666666666668,-0.14300000000000002,0.3443333333333334,standing
1358773500432,119.01666666666668,29.65333333333334,8.7,0.2746666666666666,0.5185000000000001,0.004634999999999999,0.0007039999999999997,88.33333333333331,1.0,1670.5,-1.2966666666666669,-0.5341666666666668,-0.1716666666666667,0.21833333333333327,-0.35916666666666675,0.21233333333333335,standing
1358773560432,122.41666666666669,14.746666666666668,4.966666666666667,0.15499999999999994,0.31383333333333324,0.004435666666666668,0.0006663333333333334,90.63333333333334,1.0,1730.5,-1.0078333333333331,-0.7033333333333335,-0.03716666666666666,0.2381666666666667,-0.19066666666666676,0.142,standing
1358773680432,99.6,23.215,-17.333333333333332,0.04333333333333333,0.10949999999999996,0.004582666666666668,0.0001663333333333334,99.91666666666669,1.0,1850.5,-1.0390000000000001,-0.8898333333333334,-0.02300000000000001,0.06783333333333333,0.2385000000000001,0.3913333333333333,snowboarding
1358773740432,96.3,16.428333333333327,-17.883333333333333,0.037333333333333336,0.08949999999999994,0.004534000000000001,0.0001803333333333333,99.78333333333332,1.0,1910.5,-1.0094999999999996,-0.9075000000000004,-0.05499999999999999,0.04583333333333333,0.25133333333333346,0.3929999999999999,lift
1358773800432,93.06666666666666,15.445000000000002,-17.5,0.036833333333333336,0.09250000000000004,0.004533333333333332,0.00014100000000000004,100.0,1.0,1970.5,-1.0085,-0.9078333333333328,-0.06899999999999999,0.036333333333333336,0.24966666666666665,0.3903333333333334,lift
1358773860432,97.06666666666666,16.09333333333334,-17.7,0.04583333333333331,0.10983333333333332,0.004542000000000003,0.00018600000000000002,100.0,1.0,2030.5,-1.040166666666667,-0.8891666666666665,0.0023333333333333413,0.13616666666666669,0.2360000000000001,0.4068333333333333,lift
1358773920432,96.15,23.20666666666667,-16.133333333333333,0.033000000000000015,0.08300000000000002,0.0045976666666666674,0.00014966666666666674,100.0,1.7333333333333334,1320.8666666666666,-1.0221666666666671,-0.9105000000000004,0.038333333333333344,0.15599999999999994,0.23283333333333356,0.35450000000000004,lift
1358773980432,98.48333333333332,18.995,-16.366666666666667,0.049,0.11583333333333333,0.004542333333333332,0.00019033333333333332,100.0,3.0,51.5,-1.0308333333333335,-0.898,0.017666666666666688,0.16366666666666668,0.2178333333333335,0.3751666666666667,lift
1358774040432,96.7,19.329999999999995,-17.883333333333333,0.05483333333333331,0.13516666666666666,0.004572666666666668,0.00019433333333333352,100.0,1.0,29.5,-1.0533333333333337,-0.8628333333333332,0.015166666666666676,0.15333333333333338,0.2258333333333334,0.4221666666666669,lift
1358774100432,95.88333333333334,18.254999999999995,-17.633333333333333,0.03000000000000002,0.08049999999999997,0.004553666666666665,0.00015100000000000007,100.0,1.0,89.5,-1.0195000000000003,-0.9014999999999996,0.006000000000000007,0.10366666666666666,0.24916666666666665,0.39516666666666667,lift
1358774160432,110.36666666666666,19.121666666666673,-7.7333333333333325,0.16600000000000004,0.35950000000000004,0.004437666666666668,0.0005633333333333335,88.5,1.0,149.5,-1.1681666666666666,-0.7148333333333333,-0.14316666666666664,0.15766666666666668,-0.09583333333333324,0.3583333333333332,lift
1358774220432,130.86666666666667,20.393333333333327,4.233333333333333,0.18949999999999992,0.3626666666666667,0.004198000000000001,0.00034266666666666674,87.4,1.0,209.5,-1.1295000000000004,-0.7861666666666667,-0.1215,0.1704999999999999,-0.21983333333333333,0.11749999999999998,snowboarding
1358774340432,114.05,19.49666666666666,-3.8666666666666663,0.166,0.3376666666666667,0.004388333333333336,0.000685,92.21666666666668,1.0,329.5,-1.1760000000000004,-0.8178333333333331,-0.08033333333333334,0.2116666666666666,-0.147,0.22116666666666668,snowboarding
1358774400432,141.38333333333333,23.169999999999984,19.58333333333333,0.4078333333333333,0.8290000000000001,0.004390333333333335,0.001246,60.98333333333333,1.35,103.51666666666668,-1.450666666666666,-0.3400000000000001,-0.3995,0.264,-0.7736666666666668,0.14866666666666664,snowboarding
1358774460432,140.9,22.516666666666666,33.55,0.27233333333333337,0.5526666666666668,0.0046053333333333345,0.0006376666666666668,97.3,1.1666666666666667,9.616666666666667,-0.936,-0.3476666666666666,-0.19916666666666666,0.19133333333333347,-0.6395000000000003,-0.06283333333333335,snowboarding
1358774520432,152.51666666666668,16.589999999999996,-5.9,0.2599999999999999,0.5983333333333329,0.004603,0.0011956666666666667,81.43333333333334,1.5333333333333334,7.966666666666668,-1.4328333333333338,-0.597,-0.3171666666666667,0.13549999999999998,-0.2305,0.37933333333333336,snowboarding
1358774580432,137.86666666666667,24.32333333333334,-6.583333333333332,0.2406666666666666,0.4690000000000002,0.004333999999999999,0.0008856666666666668,75.15,1.0,36.5,-1.2385,-0.6543333333333335,-0.2453333333333333,0.18233333333333326,-0.12400000000000007,0.3566666666666667,snowboarding
1358774640432,106.81666666666666,27.636666666666674,-17.316666666666666,0.04366666666666666,0.10099999999999998,0.0049163333333333325,0.00020066666666666667,99.78333333333332,1.0,96.5,-1.039,-0.8784999999999997,-0.11916666666666666,0.015166666666666672,0.2353333333333335,0.38583333333333336,lift
1358774700432,98.91666666666669,24.97500000000001,-16.766666666666666,0.03166666666666669,0.08283333333333333,0.0048906666666666656,0.00017633333333333333,100.0,1.0,156.5,-1.0235000000000003,-0.8953333333333333,-0.11749999999999995,0.01316666666666667,0.2370000000000001,0.37599999999999983,lift
1358774760432,98.96666666666668,22.56500000000001,-16.333333333333332,0.03050000000000002,0.07716666666666666,0.004813666666666668,0.0001553333333333334,100.0,1.0,216.5,-1.0261666666666671,-0.9079999999999996,-0.08233333333333333,0.03766666666666667,0.23900000000000016,0.3618333333333333,lift
1358774820432,98.05,22.925000000000008,-16.183333333333334,0.03416666666666668,0.09083333333333332,0.004821333333333335,0.00015666666666666674,100.0,1.0,276.5,-1.0191666666666666,-0.9058333333333336,-0.07783333333333332,0.048666666666666684,0.2303333333333335,0.3668333333333332,lift
1358774880432,100.78333333333332,20.448333333333327,-14.233333333333333,0.04416666666666665,0.11333333333333333,0.004679,0.0001546666666666667,100.0,2.033333333333333,162.9,-1.0768333333333335,-0.8759999999999997,-0.11533333333333327,0.04549999999999999,0.2053333333333336,0.3256666666666668,lift
1358774940432,113.71666666666668,21.423333333333346,-4.883333333333334,0.202,0.4546666666666666,0.004647999999999999,0.0006689999999999999,87.78333333333332,2.333333333333333,36.833333333333336,-1.243166666666667,-0.6660000000000005,-0.3016666666666667,0.13566666666666669,-0.15700000000000006,0.3381666666666666,lift
1358775000432,133.66666666666666,16.575000000000006,-4.416666666666667,0.12649999999999995,0.2393333333333333,0.0043476666666666655,0.0003446666666666666,94.08333333333331,1.0,49.5,-1.0933333333333335,-0.872,-0.10016666666666664,0.14633333333333334,-0.04566666666666667,0.21133333333333332,snowboarding
1358775060432,118.86666666666666,23.71666666666667,-7.716666666666668,0.115,0.253,0.004567,0.0003626666666666667,99.03333333333332,1.0,109.5,-1.148333333333334,-0.8611666666666669,-0.17833333333333334,0.08633333333333333,-0.020999999999999974,0.2758333333333335,snowboarding
1358775120432,125.0,24.02166666666667,33.65,0.2173333333333333,0.4158333333333334,0.004551666666666664,0.00046433333333333347,97.05,1.0,169.5,-0.7968333333333333,-0.4638333333333333,-0.06250000000000004,0.20266666666666666,-0.6138333333333336,-0.1751666666666666,snowboarding
1358775180432,122.08333333333331,16.523333333333333,-12.216666666666667,0.08316666666666662,0.17450000000000002,0.004768999999999999,0.0002353333333333333,99.88333333333334,1.0,229.5,-1.0409999999999997,-0.8925000000000002,0.004000000000000003,0.15549999999999994,0.09300000000000001,0.3093333333333334,snowboarding
1358775300432,131.1,23.05833333333333,-4.25,0.15283333333333335,0.3639999999999999,0.004921333333333334,0.0005333333333333334,96.51666666666668,1.0,349.5,-1.245,-0.7364999999999998,-0.21266666666666675,0.060999999999999985,-0.16400000000000006,0.2440000000000001,snowboarding
1358775360432,131.11666666666667,28.013333333333325,-3.5,0.1413333333333333,0.3179999999999999,0.004901333333333333,0.0005280000000000003,99.08333333333331,1.0,409.5,-1.2051666666666667,-0.8140000000000005,-0.12149999999999997,0.08083333333333333,-0.12399999999999994,0.1920000000000001,snowboarding
1358775420432,143.9,18.881666666666664,17.583333333333332,0.2788333333333332,0.6956666666666668,0.004242333333333333,0.002450333333333333,26.766666666666666,1.4333333333333331,264.1,-1.4351666666666667,-0.4841666666666666,-0.3133333333333333,0.11116666666666666,-0.6736666666666665,0.07450000000000001,snowboarding
1358775480432,156.41666666666666,19.733333333333334,17.433333333333334,0.3176666666666668,0.8089999999999999,0.004138666666666667,0.001350666666666667,52.25,1.9666666666666663,43.81666666666667,-1.3235,-0.2696666666666667,-0.21016666666666672,0.2246666666666667,-0.7158333333333335,0.1485,snowboarding
1358775540432,153.21666666666667,20.59666666666666,9.816666666666666,0.18350000000000005,0.37200000000000005,0.0035436666666666663,0.001337666666666667,42.9,1.9666666666666663,33.18333333333333,-1.1826666666666663,-0.7111666666666668,-0.2390000000000001,0.01250000000000001,-0.3233333333333334,0.09383333333333332,snowboarding
1358775600432,154.5,17.31166666666666,7.416666666666668,0.2033333333333334,0.43633333333333335,0.003834666666666667,0.001118,52.2,1.9166666666666667,23.25,-1.323833333333333,-0.6815,-0.3066666666666666,0.0355,-0.30083333333333323,0.16299999999999998,snowboarding
1358775660432,145.2,13.980000000000008,8.75,0.2141666666666667,0.4543333333333335,0.005142,0.0005870000000000001,98.0,1.5,26.566666666666666,-1.1625,-0.6761666666666667,-0.2091666666666667,0.07083333333333336,-0.3571666666666667,0.12283333333333332,snowboarding
1358775720432,132.51666666666668,13.608333333333338,0.35,0.14699999999999988,0.2956666666666665,0.005055000000000002,0.0004700000000000001,98.4,1.0,49.5,-1.0508333333333335,-0.801666666666667,-0.0916666666666667,0.14450000000000005,-0.13683333333333333,0.16066666666666668,snowboarding
1358775840432,155.16666666666666,22.016666666666666,10.716666666666667,0.2861666666666667,0.5606666666666668,0.005078333333333335,0.0005256666666666668,98.8,1.8333333333333333,15.666666666666664,-1.3010000000000004,-0.5800000000000003,-0.2795,0.15233333333333338,-0.4148333333333334,0.14316666666666672,snowboarding
1358775900432,154.48333333333332,31.06833333333335,-1.25,0.1513333333333333,0.3188333333333332,0.0044280000000000005,0.0004943333333333334,96.5,2.3,11.533333333333333,-1.1816666666666673,-0.7946666666666669,-0.16100000000000006,0.14866666666666667,-0.15366666666666662,0.21666666666666676,snowboarding
1358775960432,138.96666666666667,25.784999999999997,-9.633333333333333,0.05966666666666666,0.1335,0.005052666666666668,0.00029166666666666675,100.0,1.1833333333333331,25.65,-1.055666666666667,-0.9376666666666672,-0.04949999999999999,0.08133333333333333,0.07366666666666667,0.24433333333333346,snowboarding
1358776020432,127.25,27.75500000000001,-12.05,0.05266666666666665,0.11499999999999998,0.005316,0.0002643333333333335,100.0,1.0,78.5,-1.0518333333333338,-0.9336666666666674,0.023500000000000017,0.15849999999999995,0.10933333333333332,0.2508333333333334,towlift
1358776140432,121.65,24.739999999999995,-12.25,0.06266666666666665,0.12783333333333333,0.005103000000000001,0.0002650000000000001,100.0,1.0,198.5,-1.0455000000000003,-0.925666666666667,-0.050666666666666665,0.09383333333333332,0.12233333333333332,0.26966666666666683,towlift
1358776200432,120.55,26.18000000000001,-12.4,0.0625,0.1335,0.005472333333333332,0.0003223333333333335,100.0,2.3,96.0,-1.041333333333333,-0.9031666666666665,-0.15366666666666665,-0.0021666666666666666,0.095,0.2563333333333334,towlift
1358776260432,130.0,29.30666666666668,-8.766666666666667,0.18016666666666664,0.3469999999999997,0.0050440000000000025,0.0003363333333333333,100.0,1.2333333333333334,17.85,-1.2143333333333337,-0.8011666666666667,-0.15566666666666673,0.1999999999999999,-0.032000000000000015,0.3575,towlift
1358776380432,127.56666666666666,18.23833333333334,12.116666666666667,0.1401666666666666,0.3301666666666666,0.004853333333333332,0.00035233333333333346,100.0,1.0,98.5,-0.961833333333334,-0.6221666666666668,-0.07466666666666669,0.16383333333333328,-0.24833333333333346,0.0761666666666667,standing
1358776440432,132.91666666666666,18.541666666666664,3.583333333333333,0.21533333333333327,0.4361666666666668,0.005371333333333335,0.0004670000000000001,98.11666666666666,1.0,158.5,-1.2991666666666666,-0.6791666666666667,-0.22883333333333336,0.1563333333333333,-0.28266666666666673,0.1853333333333334,snowboarding
1358776500432,138.81666666666666,11.398333333333332,3.683333333333333,0.2138333333333334,0.44916666666666666,0.004900666666666666,0.0004480000000000003,99.88333333333334,1.0,218.5,-1.2263333333333335,-0.7253333333333337,-0.17366666666666666,0.11033333333333337,-0.3,0.15349999999999994,snowboarding
1358776560432,153.21666666666667,22.121666666666673,5.866666666666666,0.2793333333333334,0.6479999999999999,0.004569666666666667,0.000685,97.78333333333332,2.0,29.5,-1.4865,-0.5813333333333334,-0.21766666666666676,0.20816666666666675,-0.3936666666666667,0.24850000000000005,snowboarding
1358776620432,151.36666666666667,17.556666666666665,-5.35,0.12583333333333332,0.2888333333333332,0.003936,0.0006096666666666669,86.31666666666666,1.8166666666666669,69.51666666666667,-1.1815000000000009,-0.815166666666667,-0.172,0.10216666666666664,-0.07450000000000004,0.2541666666666668,snowboarding
1358776800432,128.35,21.68999999999999,-11.983333333333333,0.04866666666666665,0.1085,0.005227999999999999,0.0003540000000000001,100.0,1.0,160.5,-1.051666666666667,-0.9238333333333336,-0.10083333333333334,0.028833333333333336,0.13699999999999998,0.2681666666666667,towlift
1358776860432,127.98333333333332,25.533333333333324,-13.783333333333333,0.05533333333333333,0.11300000000000003,0.005077,0.0003290000000000002,100.0,1.0,220.5,-1.0431666666666666,-0.9111666666666663,-0.12883333333333338,0.005166666666666658,0.14183333333333334,0.2876666666666667,towlift
1358776920432,124.78333333333332,23.675,-10.883333333333333,0.06466666666666664,0.14766666666666664,0.005220666666666669,0.00041666666666666653,99.5,2.033333333333333,135.83333333333334,-1.0600000000000005,-0.9188333333333336,-0.0655,0.10583333333333328,0.09733333333333337,0.25516666666666665,towlift
1358776980432,142.13333333333333,22.681666666666665,-4.316666666666666,0.21,0.4121666666666668,0.004729666666666668,0.0005023333333333334,92.85,1.2166666666666666,15.216666666666667,-1.2893333333333337,-0.7556666666666666,-0.17033333333333342,0.25483333333333325,-0.15150000000000002,0.2713333333333334,towlift
1358777040432,131.38333333333333,12.944999999999993,31.13333333333333,0.21483333333333324,0.37266666666666665,0.004651666666666667,0.0003336666666666665,100.0,1.0,35.5,-0.7884999999999998,-0.4930000000000001,-0.11383333333333337,0.15149999999999994,-0.5346666666666668,-0.16933333333333325,standing
1358777100432,135.51666666666668,19.61166666666666,-12.216666666666667,0.05149999999999999,0.1111666666666666,0.004498666666666667,0.00027733333333333353,100.0,1.0,95.5,-1.0343333333333342,-0.9383333333333338,-0.01716666666666666,0.10916666666666668,0.1453333333333334,0.2773333333333335,standing
1358777220432,155.03333333333333,26.72333333333335,-3.1666666666666665,0.2216666666666666,0.5500000000000002,0.004597666666666666,0.0008723333333333331,88.9,2.1333333333333333,42.5,-1.3275,-0.655,-0.3114999999999999,0.09233333333333334,-0.311,0.3301666666666668,snowboarding
1358777280432,135.48333333333332,26.85166666666667,-1.6833333333333331,0.08799999999999994,0.2053333333333333,0.004415333333333335,0.0002596666666666667,97.7,1.2666666666666666,13.6,-1.0815000000000003,-0.9138333333333334,-0.06316666666666672,0.07183333333333335,-0.10666666666666666,0.15383333333333338,snowboarding
1358777340432,118.36666666666666,28.378333333333334,-3.7666666666666666,0.06699999999999999,0.1471666666666667,0.0046289999999999994,0.0002263333333333333,100.0,1.0,68.5,-1.054666666666667,-0.9458333333333334,-0.01716666666666667,0.14849999999999994,-0.04283333333333336,0.15516666666666673,snowboarding
1358777400432,120.9,28.80833333333333,-0.18333333333333326,0.1078333333333333,0.2381666666666666,0.004600666666666667,0.0003246666666666667,99.73333333333332,1.0,128.5,-1.1423333333333334,-0.8496666666666666,-0.06683333333333331,0.11716666666666666,-0.14283333333333334,0.13683333333333333,snowboarding
1358777460432,120.01666666666668,25.11500000000001,-5.366666666666666,0.04983333333333331,0.1596666666666666,0.004586666666666667,0.00020933333333333345,98.96666666666668,1.0,188.5,-1.1166666666666671,-0.9141666666666666,0.018666666666666675,0.153,-0.00849999999999999,0.1858333333333334,snowboarding
1358777520432,114.4,29.90166666666667,-0.38333333333333336,0.09233333333333336,0.19733333333333344,0.00476,0.00030933333333333344,99.41666666666669,1.0,248.5,-1.1055000000000004,-0.8815000000000001,-0.07149999999999998,0.105,-0.09516666666666668,0.13833333333333336,snowboarding
1358777580432,131.93333333333334,31.770000000000003,2.65,0.2818333333333333,0.5915,0.004802999999999999,0.0006376666666666668,96.15,1.8666666666666667,122.36666666666666,-1.2990000000000002,-0.5943333333333337,-0.2553333333333333,0.19483333333333336,-0.341,0.2545,snowboarding
1358777640432,117.45,20.328333333333337,-18.966666666666665,0.044666666666666674,0.11366666666666672,0.004636000000000002,0.0001750000000000001,98.46666666666668,1.0,39.5,-1.0398333333333336,-0.8701666666666668,-0.09599999999999996,0.05883333333333333,0.2511666666666668,0.4206666666666665,snowboarding
1358777700432,102.36666666666666,28.19333333333334,-16.716666666666665,0.03466666666666667,0.09149999999999997,0.004704666666666667,0.00013866666666666674,100.0,1.0,99.5,-1.0288333333333337,-0.8968333333333333,-0.092,0.0455,0.2315000000000001,0.3869999999999999,lift
1358777760432,101.73333333333332,26.170000000000005,-17.666666666666668,0.036500000000000005,0.09583333333333333,0.004737333333333335,0.000149,100.0,1.0,159.5,-1.0258333333333334,-0.8969999999999998,-0.06599999999999999,0.08183333333333334,0.2325,0.40500000000000014,lift
1358777880432,101.4,22.321666666666665,-15.133333333333333,0.04933333333333332,0.127,0.004574999999999999,0.0001446666666666667,100.0,1.1666666666666667,254.08333333333331,-1.0673333333333337,-0.8823333333333334,-0.03983333333333335,0.12166666666666663,0.1986666666666667,0.3731666666666666,lift
1358777940432,101.26666666666668,23.54333333333333,-16.483333333333334,0.04633333333333333,0.11599999999999998,0.004443666666666664,0.00013866666666666674,100.0,3.0,34.5,-1.0478333333333334,-0.8753333333333334,-0.12266666666666665,0.03650000000000001,0.21816666666666676,0.3888333333333334,lift
1358778000432,101.55,22.42499999999999,-19.08333333333333,0.03283333333333335,0.08333333333333334,0.0043803333333333324,0.00011433333333333345,100.0,3.0,94.5,-1.0078333333333334,-0.8948333333333329,-0.09999999999999992,0.030833333333333345,0.25683333333333325,0.4146666666666669,lift
1358778060432,122.45,23.403333333333343,-3.6666666666666665,0.22133333333333333,0.4835000000000002,0.004252666666666668,0.000573,92.38333333333334,2.1,83.4,-1.2323333333333328,-0.6661666666666668,-0.23033333333333336,0.16600000000000004,-0.19516666666666665,0.3353333333333333,lift
