HR,BR,Posture,Activity,PeakAccel,HRConfidence,VerticalMin,VerticalPeak,LateralMin,LateralPeak,SagittalMin,SagittalPeak
119.55,17.950000000000006,-10.05,0.2105,0.39533333333333337,96.05,-1.351833333333334,-0.7258333333333334,-0.09016666666666666,0.2343333333333333,-0.04833333333333332,0.3700000000000001
99.75,19.495,-12.75,0.05699999999999991,0.13966666666666655,99.93333333333334,-1.071833333333333,-0.9161666666666672,0.07016666666666667,0.21050000000000008,0.07083333333333333,0.2353333333333333
104.73333333333332,32.58000000000001,-7.916666666666668,0.15866666666666662,0.3160000000000001,100.0,-1.2944999999999998,-0.7858333333333332,-0.09800000000000006,0.15299999999999986,-0.056833333333333326,0.3113333333333333
101.46666666666668,25.181666666666665,-10.816666666666665,0.25816666666666666,0.5113333333333333,98.95,-1.4883333333333333,-0.631666666666667,-0.1395,0.2036666666666668,-0.09933333333333333,0.439
101.45,23.246666666666666,-12.333333333333336,0.11399999999999995,0.2304999999999999,99.86666666666666,-1.162833333333334,-0.8770000000000002,-0.06966666666666667,0.19000000000000006,0.10033333333333336,0.32349999999999995
96.21666666666668,20.54,-13.8,0.06999999999999998,0.13399999999999995,100.0,-1.0469999999999997,-0.9201666666666668,-0.05850000000000001,0.11499999999999995,0.17650000000000002,0.31516666666666665
98.7,27.276666666666664,-12.583333333333336,0.12983333333333327,0.2496666666666667,100.0,-1.1664999999999996,-0.8743333333333336,-0.08783333333333336,0.1926666666666667,0.0895,0.35150000000000003
97.9,22.045000000000005,-13.25,0.16800000000000004,0.30349999999999994,91.8,-1.2031666666666665,-0.8069999999999999,-0.08933333333333336,0.20883333333333345,0.07333333333333332,0.40266666666666656
97.95,21.950000000000006,-5.183333333333334,0.16233333333333336,0.3358333333333334,97.36666666666666,-1.2513333333333327,-0.8376666666666666,-0.04516666666666667,0.2796666666666667,-0.07883333333333332,0.28216666666666673
96.13333333333334,18.848333333333333,-0.6166666666666667,0.060999999999999874,0.12066666666666677,100.0,-1.0701666666666674,-0.9373333333333336,-0.06633333333333334,0.09383333333333314,-0.06516666666666666,0.08516666666666667
108.63333333333334,32.42666666666666,-10.316666666666666,0.28300000000000003,0.5541666666666667,76.13333333333334,-1.515833333333334,-0.6020000000000001,-0.1445,0.24916666666666676,-0.08299999999999998,0.4520000000000001
103.1,23.405,-10.833333333333336,0.11933333333333328,0.2408333333333333,98.85,-1.1458333333333337,-0.8731666666666665,-0.11249999999999996,0.15666666666666665,0.07200000000000002,0.31233333333333324
100.2,28.53333333333334,-10.133333333333333,0.2279999999999999,0.431,98.31666666666666,-1.3663333333333332,-0.7321666666666666,-0.12350000000000005,0.2361666666666669,-0.09183333333333332,0.3985000000000001
111.06666666666666,34.18333333333332,-3.3,0.30066666666666664,0.5750000000000001,97.66666666666669,-1.508166666666667,-0.6120000000000002,-0.18999999999999995,0.2505000000000001,-0.23066666666666666,0.3983333333333337
110.3,26.015000000000004,4.016666666666667,0.10799999999999996,0.24366666666666675,100.0,-1.076166666666667,-0.841,0.10400000000000001,0.30250000000000005,-0.16033333333333333,0.13016666666666665
110.11666666666666,26.356666666666694,0.2,0.11883333333333335,0.2701666666666666,100.0,-1.0701666666666667,-0.8358333333333335,-0.0365,0.17883333333333332,-0.15383333333333346,0.18166666666666667
113.83333333333331,26.30666666666667,1.85,0.2445,0.5616666666666664,96.98333333333332,-1.3276666666666668,-0.622,-0.20816666666666664,0.16983333333333334,-0.2761666666666666,0.2526666666666667
135.31666666666666,28.06,5.633333333333334,0.2873333333333334,0.6618333333333335,99.5,-1.6013333333333333,-0.5406666666666669,-0.3439999999999999,0.1175,-0.3763333333333332,0.2330000000000001
143.51666666666668,20.223333333333336,1.6,0.2430000000000001,0.5581666666666667,100.0,-1.4846666666666668,-0.5723333333333332,-0.3121666666666668,0.12950000000000006,-0.2936666666666667,0.2695000000000001
125.48333333333332,12.745,-6.7,0.11799999999999998,0.2778333333333333,100.0,-1.159833333333334,-0.8546666666666669,-0.047666666666666704,0.1661666666666667,-0.0446666666666667,0.2748333333333334
106.38333333333334,24.655000000000005,-7.65,0.10200000000000002,0.2526666666666666,99.9,-1.166666666666667,-0.8476666666666667,-0.02016666666666665,0.16383333333333333,-0.031999999999999994,0.2596666666666668
142.2,26.961666666666684,-1.45,0.22533333333333336,0.534,98.58333333333331,-1.4296666666666673,-0.6418333333333333,-0.2461666666666667,0.10733333333333332,-0.2345,0.2635000000000001
152.43333333333334,15.501666666666667,5.116666666666666,0.2999999999999999,0.7036666666666669,100.0,-1.6363333333333343,-0.4819999999999999,-0.3071666666666667,0.14449999999999996,-0.39866666666666667,0.2803333333333333
136.68333333333334,26.08833333333333,8.85,0.2903333333333332,0.5908333333333334,100.0,-1.302333333333334,-0.561,-0.22066666666666665,0.14383333333333334,-0.4441666666666665,0.1571666666666668
134.23333333333332,25.72166666666666,-7.183333333333334,0.1943333333333333,0.38266666666666665,100.0,-1.2925,-0.7878333333333329,-0.14883333333333335,0.22900000000000004,-0.08666666666666666,0.3220000000000001
115.2,21.480000000000004,-10.233333333333333,0.04499999999999997,0.1116666666666666,100.0,-1.0685,-0.9305,-0.08383333333333327,0.04649999999999999,0.10966666666666668,0.2366666666666669
109.26666666666668,22.181666666666665,-12.066666666666665,0.13616666666666655,0.3156666666666668,100.0,-1.211166666666667,-0.8256666666666668,-0.10666666666666663,0.15983333333333322,0.062166666666666676,0.3041666666666665
99.95,20.715,-14.583333333333336,0.02150000000000001,0.05866666666666665,100.0,-1.0174999999999998,-0.9390000000000004,-0.14116666666666666,-0.07033333333333336,0.18266666666666664,0.26083333333333353
97.7,25.37833333333333,-13.966666666666667,0.03333333333333335,0.09000000000000002,100.0,-1.0226666666666668,-0.9201666666666672,-0.19816666666666666,-0.10833333333333332,0.12916666666666665,0.24666666666666665
99.11666666666666,20.81666666666666,-14.8,0.01800000000000001,0.05050000000000001,100.0,-1.0153333333333334,-0.9391666666666671,-0.16600000000000004,-0.0975,0.1876666666666666,0.24733333333333335
97.76666666666668,15.70833333333333,-8.833333333333334,0.048833333333333305,0.10000000000000002,100.0,-1.0335000000000003,-0.9413333333333336,-0.09783333333333334,0.03283333333333334,0.08149999999999995,0.18283333333333332
99.13333333333334,20.238333333333326,-11.233333333333333,0.042166666666666665,0.09583333333333327,100.0,-1.0248333333333337,-0.9336666666666672,-0.12349999999999997,0.002666666666666669,0.1193333333333333,0.2286666666666667
100.6,23.98833333333333,-10.583333333333334,0.06783333333333331,0.14383333333333334,100.0,-1.0546666666666669,-0.9271666666666668,-0.10683333333333332,0.06933333333333333,0.1035,0.2595000000000001
113.05,28.97833333333332,-7.583333333333332,0.26016666666666666,0.4883333333333335,100.0,-1.4370000000000005,-0.6823333333333331,-0.24433333333333335,0.1886666666666667,-0.14400000000000004,0.4505000000000001
121.2,37.161666666666655,-5.666666666666668,0.3341666666666666,0.6438333333333334,100.0,-1.657833333333333,-0.5283333333333332,-0.2616666666666666,0.19400000000000006,-0.2468333333333334,0.5163333333333335
111.86666666666666,23.576666666666664,3.883333333333333,0.10983333333333332,0.2471666666666667,100.0,-1.0655000000000003,-0.8513333333333335,-0.04516666666666667,0.15833333333333327,-0.22883333333333325,0.09199999999999994
113.01666666666668,22.70833333333333,-5.016666666666667,0.1606666666666667,0.3698333333333333,99.8,-1.289,-0.7083333333333334,-0.16400000000000006,0.13200000000000006,-0.13766666666666666,0.25266666666666665
128.06666666666666,27.52833333333335,-5.5,0.18383333333333332,0.4251666666666668,100.0,-1.3801666666666663,-0.6641666666666668,-0.21416666666666664,0.13116666666666665,-0.132,0.3111666666666667
136.21666666666667,30.78,6.0,0.2793333333333333,0.564,100.0,-1.246,-0.6071666666666667,-0.2029999999999999,0.23766666666666664,-0.3495000000000001,0.21150000000000005
123.85,13.399999999999995,-6.066666666666666,0.18883333333333327,0.3854999999999998,100.0,-1.149666666666667,-0.7473333333333334,-0.13166666666666668,0.14799999999999994,-0.044666666666666674,0.3148333333333333
91.45,20.356666666666676,-15.266666666666667,0.020333333333333342,0.061333333333333274,100.0,-1.029333333333333,-0.911166666666667,-0.13683333333333345,-0.04416666666666666,0.22233333333333355,0.28966666666666663
86.21666666666668,22.83,-16.233333333333334,0.011333333333333341,0.034333333333333355,100.0,-0.9949999999999996,-0.9278333333333338,-0.16066666666666676,-0.11050000000000004,0.22800000000000026,0.2828333333333333
86.93333333333334,22.27833333333333,-15.833333333333336,0.010166666666666671,0.03133333333333335,100.0,-1.0036666666666665,-0.9291666666666668,-0.16066666666666676,-0.10883333333333334,0.2168333333333336,0.26483333333333325
107.3,24.18833333333333,33.0,0.21016666666666664,0.4081666666666666,98.2,-0.8194999999999996,-0.4535000000000001,-0.13433333333333333,0.1565,-0.644,-0.18383333333333327
123.96666666666668,17.573333333333338,-9.7,0.1136666666666666,0.2520000000000001,100.0,-1.1079999999999999,-0.8526666666666671,-0.012999999999999992,0.17950000000000002,0.0355,0.2865
130.86666666666667,11.204999999999993,-3.983333333333333,0.13833333333333322,0.2778333333333332,98.98333333333332,-1.0481666666666665,-0.8335000000000005,-0.1056666666666667,0.0971666666666667,-0.0641666666666666,0.20866666666666664
165.35,15.201666666666664,-1.5333333333333334,0.1595,0.3038333333333334,98.76666666666668,-1.1015000000000004,-0.8263333333333331,-0.1475,0.0795,-0.09566666666666664,0.17700000000000007
198.7,16.779999999999998,-1.0166666666666666,0.23716666666666664,0.5269999999999998,100.0,-1.1806666666666668,-0.5936666666666669,-0.16166666666666668,0.2113333333333333,-0.2775,0.3198333333333333
171.88333333333333,18.456666666666674,-6.133333333333334,0.09349999999999994,0.21766666666666667,99.91666666666669,-1.1118333333333337,-0.8853333333333333,-0.028499999999999987,0.1398333333333333,-0.048666666666666636,0.2268333333333333
109.48333333333332,21.146666666666665,-5.2,0.108,0.2508333333333333,100.0,-1.149000000000001,-0.8738333333333332,-0.04733333333333333,0.16550000000000006,-0.07183333333333335,0.21083333333333346
146.5,19.201666666666654,9.35,0.2918333333333333,0.5900000000000001,98.75,-1.3281666666666672,-0.5403333333333333,-0.2113333333333334,0.2326666666666667,-0.3933333333333333,0.1591666666666667
139.75,15.281666666666665,-1.55,0.2156666666666667,0.3863333333333331,99.9,-1.1258333333333332,-0.7693333333333335,-0.05500000000000002,0.2795000000000001,-0.12716666666666662,0.21066666666666675
113.16666666666669,12.663333333333327,-17.833333333333332,0.07249999999999994,0.15483333333333332,100.0,-1.0360000000000005,-0.8655000000000005,-0.20383333333333328,-0.05716666666666665,0.19366666666666665,0.3461666666666667
95.5,24.675000000000004,-19.666666666666668,0.032500000000000015,0.07233333333333335,100.0,-0.9675,-0.8889999999999992,-0.23333333333333345,-0.14666666666666678,0.23466666666666666,0.3305
98.26666666666668,21.811666666666657,-19.75,0.03766666666666664,0.08733333333333335,100.0,-0.9864999999999996,-0.8833333333333342,-0.21650000000000014,-0.09933333333333333,0.23716666666666694,0.3416666666666669
107.75,28.35166666666668,-6.933333333333334,0.13100000000000006,0.29766666666666663,100.0,-1.171333333333334,-0.7881666666666669,-0.1826666666666668,0.05899999999999999,-0.06500000000000003,0.23966666666666675
124.7,15.240000000000006,10.083333333333334,0.1988333333333333,0.44216666666666665,100.0,-1.0659999999999998,-0.6965,-0.10716666666666662,0.1876666666666667,-0.34383333333333344,0.174
133.75,17.555000000000007,-3.0166666666666666,0.15300000000000002,0.3171666666666667,98.86666666666666,-1.2325000000000002,-0.7688333333333335,-0.1336666666666667,0.12583333333333332,-0.1278333333333333,0.20566666666666675
147.46666666666667,19.846666666666675,7.133333333333334,0.23649999999999996,0.5391666666666667,100.0,-1.4388333333333332,-0.6046666666666668,-0.21750000000000005,0.17700000000000005,-0.3946666666666666,0.1826666666666668
146.73333333333332,7.558333333333334,-8.183333333333334,0.16866666666666666,0.4169999999999999,96.26666666666668,-1.340833333333333,-0.7166666666666671,-0.1995,0.10583333333333332,-0.08849999999999998,0.3268333333333333
150.4,22.154999999999994,-5.166666666666667,0.17566666666666675,0.3941666666666666,100.0,-1.318833333333334,-0.6974999999999999,-0.19499999999999995,0.10300000000000001,-0.13350000000000006,0.29033333333333344
137.2,18.90833333333334,-1.2666666666666666,0.2336666666666666,0.4665000000000002,100.0,-1.2290000000000003,-0.6645000000000001,-0.11483333333333337,0.2610000000000001,-0.21266666666666667,0.27266666666666683
102.28333333333332,25.77666666666667,-11.783333333333333,0.02233333333333334,0.061999999999999986,100.0,-1.0201666666666669,-0.9450000000000004,-0.08849999999999998,0.015166666666666669,0.17116666666666666,0.2398333333333336
99.73333333333332,25.008333333333322,-11.766666666666667,0.01750000000000001,0.055833333333333325,100.0,-1.0190000000000003,-0.9541666666666674,-0.04,0.04183333333333335,0.1828333333333334,0.24416666666666675
96.43333333333334,20.564999999999994,-12.8,0.015666666666666676,0.057166666666666685,100.0,-1.0265000000000002,-0.9390000000000004,-0.08650000000000002,0.012166666666666676,0.2008333333333334,0.2695
102.46666666666668,20.98333333333334,-9.466666666666667,0.0838333333333333,0.18433333333333327,100.0,-1.0703333333333338,-0.8866666666666668,-0.12583333333333335,0.04800000000000002,0.05850000000000001,0.2538333333333334
120.08333333333331,22.763333333333332,27.38333333333333,0.2383333333333333,0.4586666666666666,100.0,-0.8258333333333336,-0.4685,-0.11916666666666666,0.16333333333333336,-0.5323333333333333,-0.0765
135.53333333333333,17.878333333333327,4.4,0.2371666666666667,0.5726666666666665,100.0,-1.4656666666666662,-0.5678333333333334,-0.2726666666666667,0.166,-0.4133333333333333,0.18783333333333327
133.06666666666666,15.616666666666665,-6.35,0.08549999999999992,0.2466666666666666,100.0,-1.1440000000000003,-0.8768333333333332,-0.037666666666666695,0.14816666666666667,-0.028833333333333325,0.2493333333333334
137.23333333333332,31.823333333333327,6.433333333333334,0.27766666666666656,0.6113333333333333,100.0,-1.455166666666667,-0.5776666666666669,-0.248,0.18250000000000005,-0.4216666666666667,0.1823333333333334
147.16666666666666,20.598333333333343,16.216666666666665,0.28016666666666673,0.5643333333333332,92.56666666666666,-1.1870000000000005,-0.597,-0.19916666666666666,0.19116666666666665,-0.5501666666666669,0.056833333333333326
137.53333333333333,15.81833333333333,-5.833333333333332,0.1751666666666667,0.3256666666666666,100.0,-1.1655,-0.8101666666666667,-0.0961666666666667,0.23083333333333345,-0.04666666666666667,0.2718333333333333
119.98333333333332,8.89666666666667,-14.916666666666664,0.12283333333333328,0.2396666666666665,100.0,-1.0873333333333337,-0.8343333333333335,-0.10033333333333333,0.12766666666666662,0.14150000000000004,0.41533333333333344
99.7,17.908333333333335,-16.7,0.02400000000000001,0.06366666666666669,100.0,-0.9928333333333323,-0.9215000000000002,-0.10466666666666664,-0.001666666666666665,0.2505000000000001,0.3496666666666665
101.83333333333331,22.986666666666665,-17.833333333333332,0.032666666666666684,0.08266666666666665,100.0,-0.9956666666666664,-0.911166666666667,-0.05733333333333334,0.04766666666666666,0.2650000000000001,0.3781666666666668
96.03333333333332,22.57333333333333,-14.733333333333333,0.021833333333333347,0.06283333333333332,100.0,-1.0170000000000001,-0.9261666666666672,-0.06949999999999999,0.028333333333333356,0.2348333333333335,0.3186666666666666
120.01666666666668,23.92,19.433333333333334,0.2398333333333333,0.4918333333333333,100.0,-1.0288333333333333,-0.5075000000000002,-0.17333333333333334,0.1821666666666667,-0.4548333333333334,0.05233333333333332
134.35,27.361666666666675,-0.5666666666666667,0.2155,0.4885000000000001,100.0,-1.4229999999999996,-0.6388333333333333,-0.2296666666666667,0.15633333333333338,-0.23066666666666666,0.23166666666666666
135.93333333333334,19.899999999999995,-2.2666666666666666,0.15116666666666675,0.3488333333333332,100.0,-1.290833333333333,-0.7515000000000001,-0.20766666666666672,0.0705,-0.12999999999999998,0.2418333333333334
131.46666666666667,18.723333333333333,0.6666666666666666,0.26033333333333336,0.5589999999999999,99.81666666666666,-1.3928333333333334,-0.6215,-0.2401666666666666,0.15066666666666667,-0.2771666666666668,0.2859999999999999
126.56666666666666,30.84500000000001,-8.6,0.26983333333333337,0.5126666666666666,100.0,-1.4808333333333334,-0.6499999999999999,-0.18533333333333335,0.2623333333333335,-0.1473333333333333,0.41700000000000004
115.75,30.066666666666666,-11.95,0.1926666666666667,0.3445,100.0,-1.2746666666666675,-0.7866666666666671,-0.15350000000000005,0.2456666666666668,0.0195,0.3871666666666668
110.81666666666666,30.28666666666667,-10.216666666666667,0.10866666666666668,0.2125,100.0,-1.0668333333333335,-0.8855000000000002,-0.115,0.1368333333333333,0.10383333333333326,0.2715
107.18333333333334,16.679999999999993,-5.95,0.09549999999999996,0.2138333333333333,97.96666666666668,-1.0973333333333342,-0.9026666666666668,-0.04566666666666665,0.15616666666666654,-0.03816666666666667,0.22099999999999992
102.01666666666668,23.16,-2.6,0.08199999999999999,0.17516666666666672,91.25,-1.0713333333333332,-0.8973333333333333,-0.060333333333333336,0.11850000000000002,-0.06466666666666668,0.16533333333333333
109.0,17.02,-9.366666666666667,0.19433333333333336,0.332,97.65,-1.2523333333333335,-0.7903333333333334,-0.11633333333333334,0.2333333333333334,-0.04716666666666668,0.3530000000000001
105.23333333333332,22.191666666666666,-6.0166666666666675,0.12216666666666667,0.2283333333333333,100.0,-1.1206666666666665,-0.8993333333333332,0.0048333333333333405,0.218,-0.04800000000000002,0.1686666666666667
106.23333333333332,23.55166666666666,4.566666666666666,0.17116666666666658,0.3231666666666665,100.0,-1.1658333333333335,-0.8165000000000002,-0.07749999999999996,0.18016666666666667,-0.21700000000000008,0.11016666666666666
99.13333333333334,20.774999999999988,8.7,0.05783333333333333,0.11033333333333334,100.0,-1.022,-0.9406666666666672,0.04683333333333331,0.15633333333333338,-0.12233333333333332,-0.019833333333333345
99.0,22.758333333333322,2.6,0.04233333333333332,0.08549999999999998,100.0,-1.0246666666666673,-0.9573333333333336,0.028833333333333325,0.12433333333333325,-0.052000000000000025,0.04549999999999999
98.06666666666666,17.39333333333333,16.183333333333334,0.01950000000000001,0.05616666666666666,100.0,-0.9873333333333324,-0.9216666666666667,0.2113333333333336,0.2778333333333333,-0.17600000000000002,-0.10200000000000008
99.41666666666669,18.473333333333336,7.566666666666666,0.05116666666666663,0.1048333333333333,100.0,-1.025166666666667,-0.932333333333334,0.09100000000000004,0.19066666666666685,-0.1095,-0.0025
98.31666666666666,18.498333333333328,16.533333333333335,0.01450000000000001,0.04766666666666665,100.0,-0.9856666666666656,-0.9185,0.2210000000000001,0.2918333333333336,-0.1638333333333334,-0.10216666666666666
100.3,21.343333333333327,19.133333333333333,0.019666666666666683,0.05316666666666667,100.0,-0.971,-0.9006666666666661,0.2608333333333335,0.3428333333333333,-0.19200000000000012,-0.11883333333333344
102.93333333333334,24.965,9.316666666666666,0.09033333333333332,0.1665,100.0,-1.0059999999999996,-0.8715000000000004,-0.025000000000000005,0.13600000000000004,-0.18533333333333332,-0.02816666666666664
104.58333333333331,22.213333333333345,13.716666666666667,0.1134999999999999,0.2196666666666668,100.0,-1.0075000000000005,-0.8193333333333335,-0.2118333333333334,-0.040500000000000015,-0.2816666666666666,-0.049166666666666685
102.01666666666668,14.388333333333335,-9.516666666666667,0.07549999999999996,0.16133333333333333,100.0,-1.0481666666666667,-0.9000000000000001,-0.1376666666666667,0.010333333333333344,0.03933333333333333,0.2148333333333334
103.43333333333334,23.18666666666667,-5.566666666666666,0.07783333333333334,0.14083333333333334,100.0,-1.0256666666666674,-0.938166666666667,0.005000000000000003,0.13499999999999998,0.01966666666666667,0.14483333333333334
101.83333333333331,18.616666666666678,-2.1333333333333333,0.06549999999999996,0.12700000000000006,100.0,-1.037666666666667,-0.9415000000000004,-0.0069999999999999975,0.09983333333333327,-0.023666666666666676,0.11883333333333335
104.96666666666668,20.421666666666674,-2.216666666666667,0.09499999999999996,0.18333333333333335,100.0,-1.0781666666666672,-0.9128333333333336,-0.03866666666666672,0.14300000000000002,-0.05500000000000003,0.15233333333333335
99.98333333333332,25.886666666666695,4.483333333333333,0.04566666666666663,0.10599999999999994,100.0,-1.0286666666666655,-0.9301666666666668,0.028499999999999994,0.1398333333333333,-0.12083333333333335,0.008500000000000014
98.26666666666668,22.36499999999999,3.8666666666666663,0.060833333333333336,0.11883333333333335,100.0,-1.0210000000000004,-0.9175,0.033000000000000015,0.14800000000000002,-0.09016666666666667,0.04783333333333333
99.83333333333331,23.79666666666667,7.1,0.04400000000000002,0.08499999999999996,100.0,-0.9993333333333329,-0.9280000000000002,0.11333333333333333,0.20599999999999996,-0.06300000000000001,0.01900000000000001
101.93333333333334,20.120000000000005,-9.433333333333334,0.0763333333333333,0.17050000000000004,100.0,-1.0446666666666664,-0.8914999999999998,-0.03733333333333333,0.0958333333333333,0.0955,0.267
91.93333333333334,21.26333333333333,-28.03333333333333,0.014166666666666675,0.051166666666666666,99.63333333333334,-0.9455000000000005,-0.8563333333333335,0.18950000000000006,0.24083333333333334,0.41700000000000004,0.4943333333333333
90.51666666666668,21.02833333333332,-29.0,0.013500000000000009,0.048000000000000015,99.83333333333331,-0.9323333333333336,-0.8468333333333338,0.198,0.254,0.4259999999999999,0.4973333333333333
92.08333333333331,19.338333333333328,-26.066666666666666,0.019666666666666676,0.06750000000000002,100.0,-0.9603333333333332,-0.8556666666666667,0.18499999999999991,0.25199999999999995,0.36333333333333295,0.4566666666666668
90.9,21.411666666666672,-17.066666666666666,0.02166666666666668,0.06766666666666664,100.0,-1.0151666666666668,-0.9181666666666668,0.12166666666666663,0.2108333333333336,0.22733333333333355,0.2995000000000001
92.93333333333334,20.989999999999995,-26.016666666666666,0.031000000000000017,0.07949999999999996,100.0,-0.9558333333333328,-0.8480000000000003,0.20600000000000002,0.29866666666666664,0.3373333333333335,0.4354999999999999
91.96666666666668,16.03833333333333,-30.25,0.027166666666666683,0.073,100.0,-0.9268333333333336,-0.8163333333333329,0.2151666666666667,0.3071666666666667,0.4101666666666668,0.4918333333333335
91.43333333333334,16.453333333333337,-25.3,0.01283333333333334,0.044666666666666674,100.0,-0.9570000000000006,-0.8776666666666667,-0.12633333333333324,-0.03133333333333335,0.41150000000000025,0.469666666666667
90.81666666666666,17.423333333333332,-25.816666666666666,0.018333333333333344,0.0716666666666667,100.0,-0.9661666666666671,-0.8553333333333332,-0.14316666666666664,-0.038333333333333344,0.3976666666666668,0.4960000000000002
92.71666666666668,17.230000000000008,-21.4,0.041333333333333264,0.09533333333333337,100.0,-0.9866666666666656,-0.8915000000000001,-0.016499999999999976,0.10849999999999994,0.30400000000000016,0.4341666666666668
90.08333333333331,20.603333333333328,-20.933333333333334,0.02133333333333335,0.060333333333333364,100.0,-0.9861666666666656,-0.9235000000000002,0.061999999999999986,0.16150000000000006,0.30650000000000005,0.40916666666666657
90.65,18.10166666666668,-20.983333333333334,0.02016666666666668,0.06283333333333334,100.0,-0.9774999999999991,-0.9110000000000006,-0.13700000000000012,-0.055,0.30016666666666664,0.4044999999999999
91.2,17.96499999999999,-11.0,0.03816666666666665,0.08816666666666667,100.0,-0.9774999999999996,-0.8915000000000002,-0.03866666666666668,0.05266666666666665,0.1454999999999999,0.2611666666666667
99.08333333333331,11.548333333333328,1.3333333333333333,0.03766666666666665,0.09033333333333332,100.0,-0.9886666666666666,-0.9011666666666672,0.1546666666666668,0.23983333333333315,0.004666666666666671,0.11466666666666672
94.06666666666666,15.778333333333334,8.85,0.06283333333333335,0.12633333333333333,100.0,-1.0004999999999995,-0.8916666666666667,0.0245,0.1501666666666667,-0.2028333333333333,-0.056333333333333326
92.31666666666666,17.19666666666667,10.75,0.035666666666666666,0.1015,100.0,-0.9983333333333329,-0.9016666666666671,0.09583333333333337,0.18750000000000008,-0.18949999999999995,-0.041500000000000016
94.68333333333334,9.094999999999997,0.6166666666666667,0.06883333333333325,0.13616666666666666,96.76666666666668,-0.9868333333333328,-0.8944999999999996,0.014999999999999998,0.12700000000000006,-0.06200000000000005,0.09316666666666658
93.1,13.71333333333333,12.533333333333333,0.04233333333333331,0.08649999999999998,98.08333333333331,-0.9906666666666658,-0.9225000000000004,0.02150000000000002,0.12700000000000006,-0.2685000000000001,-0.1396666666666667
95.65,21.176666666666666,6.616666666666666,0.052833333333333315,0.12366666666666665,98.1,-1.0149999999999997,-0.9121666666666662,0.09083333333333336,0.20383333333333328,-0.12983333333333344,0.015166666666666653
93.06666666666666,16.656666666666666,0.0,0.02800000000000001,0.06699999999999998,99.65,-0.9864999999999992,-0.9235000000000008,0.06483333333333338,0.15733333333333333,-0.03933333333333328,0.05766666666666665
91.31666666666666,19.751666666666665,-16.666666666666668,0.01083333333333334,0.03666666666666667,100.0,-0.9943333333333332,-0.9446666666666672,0.10983333333333327,0.1973333333333332,0.2393333333333335,0.2940000000000002
92.11666666666666,16.169999999999998,14.683333333333335,0.02533333333333335,0.06416666666666668,99.66666666666669,-0.9833333333333324,-0.9148333333333336,-0.011666666666666664,0.07066666666666664,-0.2960000000000002,-0.1895
97.23333333333332,16.798333333333332,-4.883333333333334,0.08066666666666664,0.30066666666666664,97.7,-1.0941666666666665,-0.7848333333333335,0.051,0.3851666666666668,-0.10966666666666663,0.13399999999999995
93.51666666666668,14.691666666666672,9.0,0.061666666666666675,0.12233333333333332,100.0,-1.0019999999999998,-0.9068333333333332,0.02983333333333336,0.1451666666666667,-0.14833333333333334,-0.045666666666666696
94.0,15.968333333333335,-13.633333333333333,0.05316666666666663,0.10733333333333336,100.0,-0.9969999999999992,-0.9160000000000004,-0.2600000000000001,-0.1291666666666667,0.07433333333333332,0.183
94.15,18.098333333333336,-14.95,0.0838333333333333,0.16833333333333336,100.0,-0.9994999999999998,-0.893166666666667,-0.08616666666666664,0.056333333333333326,0.12300000000000005,0.26683333333333337
93.81666666666666,15.315,-13.2,0.05316666666666663,0.11700000000000005,100.0,-1.0070000000000001,-0.9318333333333336,-0.08533333333333333,0.0565,0.1411666666666666,0.2571666666666667
100.9,16.98833333333333,0.9666666666666668,0.12883333333333336,0.27916666666666673,99.96666666666668,-1.1286666666666665,-0.8838333333333332,-0.11799999999999995,0.11333333333333333,-0.17066666666666666,0.1386666666666667
108.55,11.551666666666668,32.083333333333336,0.12883333333333333,0.2401666666666667,99.78333333333332,-0.8990000000000001,-0.6813333333333335,-0.07283333333333336,0.09466666666666662,-0.6480000000000004,-0.3633333333333333
109.46666666666668,22.95500000000002,7.283333333333332,0.1245,0.2581666666666668,93.96666666666668,-1.0105000000000002,-0.7718333333333334,-0.04583333333333333,0.1951666666666667,-0.2709999999999999,0.027333333333333275
102.78333333333332,11.413333333333346,-11.8,0.20133333333333334,0.39133333333333337,97.55,-1.3199999999999998,-0.7148333333333334,-0.1673333333333333,0.14683333333333334,-0.0035000000000000035,0.3923333333333334
111.83333333333331,20.93333333333334,-4.116666666666666,0.17833333333333326,0.3399999999999999,97.76666666666668,-1.2490000000000003,-0.7905,-0.0823333333333333,0.2108333333333333,-0.09366666666666666,0.2601666666666665
107.33333333333331,19.654999999999994,-0.6333333333333333,0.0966666666666666,0.2,100.0,-1.0658333333333334,-0.9023333333333338,0.01500000000000001,0.21000000000000005,-0.08900000000000001,0.1253333333333333
105.73333333333332,24.77500000000001,-6.816666666666666,0.1225,0.22650000000000006,97.35,-1.1433333333333329,-0.8675,-0.06000000000000001,0.1808333333333333,0.03433333333333332,0.2625
107.3,18.138333333333332,-9.9,0.19716666666666666,0.3650000000000001,98.51666666666668,-1.3143333333333336,-0.7445000000000002,-0.10583333333333336,0.2528333333333334,-0.02983333333333335,0.3638333333333332
113.68333333333334,13.050000000000004,-7.183333333333334,0.17033333333333334,0.325,99.18333333333334,-1.1961666666666664,-0.8416666666666667,-0.08383333333333333,0.2530000000000001,-0.052666666666666674,0.2605000000000001
111.31666666666666,20.20833333333333,-3.6166666666666663,0.2428333333333333,0.4478333333333333,98.25,-1.325833333333334,-0.7228333333333332,-0.12833333333333335,0.2256666666666668,-0.14300000000000002,0.3443333333333334
119.01666666666668,29.65333333333334,8.7,0.2746666666666666,0.5185000000000001,88.33333333333331,-1.2966666666666669,-0.5341666666666668,-0.1716666666666667,0.21833333333333327,-0.35916666666666675,0.21233333333333335
122.41666666666669,14.746666666666668,4.966666666666667,0.15499999999999994,0.31383333333333324,90.63333333333334,-1.0078333333333331,-0.7033333333333335,-0.03716666666666666,0.2381666666666667,-0.19066666666666676,0.142
99.6,23.215,-17.333333333333332,0.04333333333333333,0.10949999999999996,99.91666666666669,-1.0390000000000001,-0.8898333333333334,-0.02300000000000001,0.06783333333333333,0.2385000000000001,0.3913333333333333
96.3,16.428333333333327,-17.883333333333333,0.037333333333333336,0.08949999999999994,99.78333333333332,-1.0094999999999996,-0.9075000000000004,-0.05499999999999999,0.04583333333333333,0.25133333333333346,0.3929999999999999
93.06666666666666,15.445000000000002,-17.5,0.036833333333333336,0.09250000000000004,100.0,-1.0085,-0.9078333333333328,-0.06899999999999999,0.036333333333333336,0.24966666666666665,0.3903333333333334
97.06666666666666,16.09333333333334,-17.7,0.04583333333333331,0.10983333333333332,100.0,-1.040166666666667,-0.8891666666666665,0.0023333333333333413,0.13616666666666669,0.2360000000000001,0.4068333333333333
96.15,23.20666666666667,-16.133333333333333,0.033000000000000015,0.08300000000000002,100.0,-1.0221666666666671,-0.9105000000000004,0.038333333333333344,0.15599999999999994,0.23283333333333356,0.35450000000000004
98.48333333333332,18.995,-16.366666666666667,0.049,0.11583333333333333,100.0,-1.0308333333333335,-0.898,0.017666666666666688,0.16366666666666668,0.2178333333333335,0.3751666666666667
96.7,19.329999999999995,-17.883333333333333,0.05483333333333331,0.13516666666666666,100.0,-1.0533333333333337,-0.8628333333333332,0.015166666666666676,0.15333333333333338,0.2258333333333334,0.4221666666666669
95.88333333333334,18.254999999999995,-17.633333333333333,0.03000000000000002,0.08049999999999997,100.0,-1.0195000000000003,-0.9014999999999996,0.006000000000000007,0.10366666666666666,0.24916666666666665,0.39516666666666667
110.36666666666666,19.121666666666673,-7.7333333333333325,0.16600000000000004,0.35950000000000004,88.5,-1.1681666666666666,-0.7148333333333333,-0.14316666666666664,0.15766666666666668,-0.09583333333333324,0.3583333333333332
130.86666666666667,20.393333333333327,4.233333333333333,0.18949999999999992,0.3626666666666667,87.4,-1.1295000000000004,-0.7861666666666667,-0.1215,0.1704999999999999,-0.21983333333333333,0.11749999999999998
114.05,19.49666666666666,-3.8666666666666663,0.166,0.3376666666666667,92.21666666666668,-1.1760000000000004,-0.8178333333333331,-0.08033333333333334,0.2116666666666666,-0.147,0.22116666666666668
141.38333333333333,23.169999999999984,19.58333333333333,0.4078333333333333,0.8290000000000001,60.98333333333333,-1.450666666666666,-0.3400000000000001,-0.3995,0.264,-0.7736666666666668,0.14866666666666664
140.9,22.516666666666666,33.55,0.27233333333333337,0.5526666666666668,97.3,-0.936,-0.3476666666666666,-0.19916666666666666,0.19133333333333347,-0.6395000000000003,-0.06283333333333335
152.51666666666668,16.589999999999996,-5.9,0.2599999999999999,0.5983333333333329,81.43333333333334,-1.4328333333333338,-0.597,-0.3171666666666667,0.13549999999999998,-0.2305,0.37933333333333336
137.86666666666667,24.32333333333334,-6.583333333333332,0.2406666666666666,0.4690000000000002,75.15,-1.2385,-0.6543333333333335,-0.2453333333333333,0.18233333333333326,-0.12400000000000007,0.3566666666666667
106.81666666666666,27.636666666666674,-17.316666666666666,0.04366666666666666,0.10099999999999998,99.78333333333332,-1.039,-0.8784999999999997,-0.11916666666666666,0.015166666666666672,0.2353333333333335,0.38583333333333336
98.91666666666669,24.97500000000001,-16.766666666666666,0.03166666666666669,0.08283333333333333,100.0,-1.0235000000000003,-0.8953333333333333,-0.11749999999999995,0.01316666666666667,0.2370000000000001,0.37599999999999983
98.96666666666668,22.56500000000001,-16.333333333333332,0.03050000000000002,0.07716666666666666,100.0,-1.0261666666666671,-0.9079999999999996,-0.08233333333333333,0.03766666666666667,0.23900000000000016,0.3618333333333333
98.05,22.925000000000008,-16.183333333333334,0.03416666666666668,0.09083333333333332,100.0,-1.0191666666666666,-0.9058333333333336,-0.07783333333333332,0.048666666666666684,0.2303333333333335,0.3668333333333332
100.78333333333332,20.448333333333327,-14.233333333333333,0.04416666666666665,0.11333333333333333,100.0,-1.0768333333333335,-0.8759999999999997,-0.11533333333333327,0.04549999999999999,0.2053333333333336,0.3256666666666668
113.71666666666668,21.423333333333346,-4.883333333333334,0.202,0.4546666666666666,87.78333333333332,-1.243166666666667,-0.6660000000000005,-0.3016666666666667,0.13566666666666669,-0.15700000000000006,0.3381666666666666
133.66666666666666,16.575000000000006,-4.416666666666667,0.12649999999999995,0.2393333333333333,94.08333333333331,-1.0933333333333335,-0.872,-0.10016666666666664,0.14633333333333334,-0.04566666666666667,0.21133333333333332
118.86666666666666,23.71666666666667,-7.716666666666668,0.115,0.253,99.03333333333332,-1.148333333333334,-0.8611666666666669,-0.17833333333333334,0.08633333333333333,-0.020999999999999974,0.2758333333333335
125.0,24.02166666666667,33.65,0.2173333333333333,0.4158333333333334,97.05,-0.7968333333333333,-0.4638333333333333,-0.06250000000000004,0.20266666666666666,-0.6138333333333336,-0.1751666666666666
122.08333333333331,16.523333333333333,-12.216666666666667,0.08316666666666662,0.17450000000000002,99.88333333333334,-1.0409999999999997,-0.8925000000000002,0.004000000000000003,0.15549999999999994,0.09300000000000001,0.3093333333333334
131.1,23.05833333333333,-4.25,0.15283333333333335,0.3639999999999999,96.51666666666668,-1.245,-0.7364999999999998,-0.21266666666666675,0.060999999999999985,-0.16400000000000006,0.2440000000000001
131.11666666666667,28.013333333333325,-3.5,0.1413333333333333,0.3179999999999999,99.08333333333331,-1.2051666666666667,-0.8140000000000005,-0.12149999999999997,0.08083333333333333,-0.12399999999999994,0.1920000000000001
143.9,18.881666666666664,17.583333333333332,0.2788333333333332,0.6956666666666668,26.766666666666666,-1.4351666666666667,-0.4841666666666666,-0.3133333333333333,0.11116666666666666,-0.6736666666666665,0.07450000000000001
156.41666666666666,19.733333333333334,17.433333333333334,0.3176666666666668,0.8089999999999999,52.25,-1.3235,-0.2696666666666667,-0.21016666666666672,0.2246666666666667,-0.7158333333333335,0.1485
153.21666666666667,20.59666666666666,9.816666666666666,0.18350000000000005,0.37200000000000005,42.9,-1.1826666666666663,-0.7111666666666668,-0.2390000000000001,0.01250000000000001,-0.3233333333333334,0.09383333333333332
154.5,17.31166666666666,7.416666666666668,0.2033333333333334,0.43633333333333335,52.2,-1.323833333333333,-0.6815,-0.3066666666666666,0.0355,-0.30083333333333323,0.16299999999999998
145.2,13.980000000000008,8.75,0.2141666666666667,0.4543333333333335,98.0,-1.1625,-0.6761666666666667,-0.2091666666666667,0.07083333333333336,-0.3571666666666667,0.12283333333333332
132.51666666666668,13.608333333333338,0.35,0.14699999999999988,0.2956666666666665,98.4,-1.0508333333333335,-0.801666666666667,-0.0916666666666667,0.14450000000000005,-0.13683333333333333,0.16066666666666668
155.16666666666666,22.016666666666666,10.716666666666667,0.2861666666666667,0.5606666666666668,98.8,-1.3010000000000004,-0.5800000000000003,-0.2795,0.15233333333333338,-0.4148333333333334,0.14316666666666672
154.48333333333332,31.06833333333335,-1.25,0.1513333333333333,0.3188333333333332,96.5,-1.1816666666666673,-0.7946666666666669,-0.16100000000000006,0.14866666666666667,-0.15366666666666662,0.21666666666666676
138.96666666666667,25.784999999999997,-9.633333333333333,0.05966666666666666,0.1335,100.0,-1.055666666666667,-0.9376666666666672,-0.04949999999999999,0.08133333333333333,0.07366666666666667,0.24433333333333346
127.25,27.75500000000001,-12.05,0.05266666666666665,0.11499999999999998,100.0,-1.0518333333333338,-0.9336666666666674,0.023500000000000017,0.15849999999999995,0.10933333333333332,0.2508333333333334
121.65,24.739999999999995,-12.25,0.06266666666666665,0.12783333333333333,100.0,-1.0455000000000003,-0.925666666666667,-0.050666666666666665,0.09383333333333332,0.12233333333333332,0.26966666666666683
120.55,26.18000000000001,-12.4,0.0625,0.1335,100.0,-1.041333333333333,-0.9031666666666665,-0.15366666666666665,-0.0021666666666666666,0.095,0.2563333333333334
130.0,29.30666666666668,-8.766666666666667,0.18016666666666664,0.3469999999999997,100.0,-1.2143333333333337,-0.8011666666666667,-0.15566666666666673,0.1999999999999999,-0.032000000000000015,0.3575
127.56666666666666,18.23833333333334,12.116666666666667,0.1401666666666666,0.3301666666666666,100.0,-0.961833333333334,-0.6221666666666668,-0.07466666666666669,0.16383333333333328,-0.24833333333333346,0.0761666666666667
132.91666666666666,18.541666666666664,3.583333333333333,0.21533333333333327,0.4361666666666668,98.11666666666666,-1.2991666666666666,-0.6791666666666667,-0.22883333333333336,0.1563333333333333,-0.28266666666666673,0.1853333333333334
138.81666666666666,11.398333333333332,3.683333333333333,0.2138333333333334,0.44916666666666666,99.88333333333334,-1.2263333333333335,-0.7253333333333337,-0.17366666666666666,0.11033333333333337,-0.3,0.15349999999999994
153.21666666666667,22.121666666666673,5.866666666666666,0.2793333333333334,0.6479999999999999,97.78333333333332,-1.4865,-0.5813333333333334,-0.21766666666666676,0.20816666666666675,-0.3936666666666667,0.24850000000000005
151.36666666666667,17.556666666666665,-5.35,0.12583333333333332,0.2888333333333332,86.31666666666666,-1.1815000000000009,-0.815166666666667,-0.172,0.10216666666666664,-0.07450000000000004,0.2541666666666668
128.35,21.68999999999999,-11.983333333333333,0.04866666666666665,0.1085,100.0,-1.051666666666667,-0.9238333333333336,-0.10083333333333334,0.028833333333333336,0.13699999999999998,0.2681666666666667
127.98333333333332,25.533333333333324,-13.783333333333333,0.05533333333333333,0.11300000000000003,100.0,-1.0431666666666666,-0.9111666666666663,-0.12883333333333338,0.005166666666666658,0.14183333333333334,0.2876666666666667
124.78333333333332,23.675,-10.883333333333333,0.06466666666666664,0.14766666666666664,99.5,-1.0600000000000005,-0.9188333333333336,-0.0655,0.10583333333333328,0.09733333333333337,0.25516666666666665
142.13333333333333,22.681666666666665,-4.316666666666666,0.21,0.4121666666666668,92.85,-1.2893333333333337,-0.7556666666666666,-0.17033333333333342,0.25483333333333325,-0.15150000000000002,0.2713333333333334
131.38333333333333,12.944999999999993,31.13333333333333,0.21483333333333324,0.37266666666666665,100.0,-0.7884999999999998,-0.4930000000000001,-0.11383333333333337,0.15149999999999994,-0.5346666666666668,-0.16933333333333325
135.51666666666668,19.61166666666666,-12.216666666666667,0.05149999999999999,0.1111666666666666,100.0,-1.0343333333333342,-0.9383333333333338,-0.01716666666666666,0.10916666666666668,0.1453333333333334,0.2773333333333335
155.03333333333333,26.72333333333335,-3.1666666666666665,0.2216666666666666,0.5500000000000002,88.9,-1.3275,-0.655,-0.3114999999999999,0.09233333333333334,-0.311,0.3301666666666668
135.48333333333332,26.85166666666667,-1.6833333333333331,0.08799999999999994,0.2053333333333333,97.7,-1.0815000000000003,-0.9138333333333334,-0.06316666666666672,0.07183333333333335,-0.10666666666666666,0.15383333333333338
118.36666666666666,28.378333333333334,-3.7666666666666666,0.06699999999999999,0.1471666666666667,100.0,-1.054666666666667,-0.9458333333333334,-0.01716666666666667,0.14849999999999994,-0.04283333333333336,0.15516666666666673
120.9,28.80833333333333,-0.18333333333333326,0.1078333333333333,0.2381666666666666,99.73333333333332,-1.1423333333333334,-0.8496666666666666,-0.06683333333333331,0.11716666666666666,-0.14283333333333334,0.13683333333333333
120.01666666666668,25.11500000000001,-5.366666666666666,0.04983333333333331,0.1596666666666666,98.96666666666668,-1.1166666666666671,-0.9141666666666666,0.018666666666666675,0.153,-0.00849999999999999,0.1858333333333334
114.4,29.90166666666667,-0.38333333333333336,0.09233333333333336,0.19733333333333344,99.41666666666669,-1.1055000000000004,-0.8815000000000001,-0.07149999999999998,0.105,-0.09516666666666668,0.13833333333333336
131.93333333333334,31.770000000000003,2.65,0.2818333333333333,0.5915,96.15,-1.2990000000000002,-0.5943333333333337,-0.2553333333333333,0.19483333333333336,-0.341,0.2545
117.45,20.328333333333337,-18.966666666666665,0.044666666666666674,0.11366666666666672,98.46666666666668,-1.0398333333333336,-0.8701666666666668,-0.09599999999999996,0.05883333333333333,0.2511666666666668,0.4206666666666665
102.36666666666666,28.19333333333334,-16.716666666666665,0.03466666666666667,0.09149999999999997,100.0,-1.0288333333333337,-0.8968333333333333,-0.092,0.0455,0.2315000000000001,0.3869999999999999
101.73333333333332,26.170000000000005,-17.666666666666668,0.036500000000000005,0.09583333333333333,100.0,-1.0258333333333334,-0.8969999999999998,-0.06599999999999999,0.08183333333333334,0.2325,0.40500000000000014
101.4,22.321666666666665,-15.133333333333333,0.04933333333333332,0.127,100.0,-1.0673333333333337,-0.8823333333333334,-0.03983333333333335,0.12166666666666663,0.1986666666666667,0.3731666666666666
101.26666666666668,23.54333333333333,-16.483333333333334,0.04633333333333333,0.11599999999999998,100.0,-1.0478333333333334,-0.8753333333333334,-0.12266666666666665,0.03650000000000001,0.21816666666666676,0.3888333333333334
101.55,22.42499999999999,-19.08333333333333,0.03283333333333335,0.08333333333333334,100.0,-1.0078333333333334,-0.8948333333333329,-0.09999999999999992,0.030833333333333345,0.25683333333333325,0.4146666666666669
122.45,23.403333333333343,-3.6666666666666665,0.22133333333333333,0.4835000000000002,92.38333333333334,-1.2323333333333328,-0.6661666666666668,-0.23033333333333336,0.16600000000000004,-0.19516666666666665,0.3353333333333333
